language_code,word,pinyin,meaning_en,frequency_rank,source_freq,source_dict
zh,的,de5,of; ~'s,1,hermitdave-frequencywords-zh_cn-50k,cc-cedict
zh,我,wo3,I; me; my,2,hermitdave-frequencywords-zh_cn-50k,cc-cedict
zh,你,ni3,you,3,hermitdave-frequencywords-zh_cn-50k,cc-cedict
zh,了,liao3,finish,4,hermitdave-frequencywords-zh_cn-50k,cc-cedict
zh,是,shi4,be,5,hermitdave-frequencywords-zh_cn-50k,cc-cedict
zh,在,zai4,exist; to be alive,6,hermitdave-frequencywords-zh_cn-50k,cc-cedict
zh,他,ta1,he; him; his,7,hermitdave-frequencywords-zh_cn-50k,cc-cedict
zh,我们,wo3 men5,we; us; ourselves; our,8,hermitdave-frequencywords-zh_cn-50k,cc-cedict
zh,不,bu4,no; not so,9,hermitdave-frequencywords-zh_cn-50k,cc-cedict
zh,吗,ma2,what?,10,hermitdave-frequencywords-zh_cn-50k,cc-cedict
zh,好,hao3,good,11,hermitdave-frequencywords-zh_cn-50k,cc-cedict
zh,什么,shen2 me5,what?,12,hermitdave-frequencywords-zh_cn-50k,cc-cedict
zh,有,you3,have; there is,13,hermitdave-frequencywords-zh_cn-50k,cc-cedict
zh,就,jiu4,in that case; then,14,hermitdave-frequencywords-zh_cn-50k,cc-cedict
zh,吧,ba1,bar,15,hermitdave-frequencywords-zh_cn-50k,cc-cedict
zh,她,ta1,she,16,hermitdave-frequencywords-zh_cn-50k,cc-cedict
zh,这,zhe4,this; these,17,hermitdave-frequencywords-zh_cn-50k,cc-cedict
zh,知道,zhi1 dao4,know; to become aware of,18,hermitdave-frequencywords-zh_cn-50k,cc-cedict
zh,说,shui4,persuade,19,hermitdave-frequencywords-zh_cn-50k,cc-cedict
zh,都,Du1,surname Du,20,hermitdave-frequencywords-zh_cn-50k,cc-cedict
zh,去,qu4,go,21,hermitdave-frequencywords-zh_cn-50k,cc-cedict
zh,很,hen3,very; quite,22,hermitdave-frequencywords-zh_cn-50k,cc-cedict
zh,啊,a1,interjection of surprise,23,hermitdave-frequencywords-zh_cn-50k,cc-cedict
zh,要,yao1,to demand; to coerce,24,hermitdave-frequencywords-zh_cn-50k,cc-cedict
zh,也,Ye3,surname Ye,25,hermitdave-frequencywords-zh_cn-50k,cc-cedict
zh,他们,ta1 men5,they; them,26,hermitdave-frequencywords-zh_cn-50k,cc-cedict
zh,和,he2,old variant of 和[he2],27,hermitdave-frequencywords-zh_cn-50k,cc-cedict
zh,那,Na1,surname Na,28,hermitdave-frequencywords-zh_cn-50k,cc-cedict
zh,想,xiang3,think,29,hermitdave-frequencywords-zh_cn-50k,cc-cedict
zh,人,ren2,person; people,30,hermitdave-frequencywords-zh_cn-50k,cc-cedict
zh,会,hui4,can; to have the skill; to know how to,31,hermitdave-frequencywords-zh_cn-50k,cc-cedict
zh,一个,yi1 ge5,a; an; one,32,hermitdave-frequencywords-zh_cn-50k,cc-cedict
zh,来,lai2,come,33,hermitdave-frequencywords-zh_cn-50k,cc-cedict
zh,把,ba3,hold; to grasp,34,hermitdave-frequencywords-zh_cn-50k,cc-cedict
zh,对,dui4,right; correct,35,hermitdave-frequencywords-zh_cn-50k,cc-cedict
zh,没有,mei2 you3,haven't,36,hermitdave-frequencywords-zh_cn-50k,cc-cedict
zh,做,zuo4,make; to produce,37,hermitdave-frequencywords-zh_cn-50k,cc-cedict
zh,不是,bu4 shi4,no,38,hermitdave-frequencywords-zh_cn-50k,cc-cedict
zh,让,rang4,yield,39,hermitdave-frequencywords-zh_cn-50k,cc-cedict
zh,给,gei3,to,40,hermitdave-frequencywords-zh_cn-50k,cc-cedict
zh,可以,ke3 yi3,can,41,hermitdave-frequencywords-zh_cn-50k,cc-cedict
zh,你们,ni3 men5,you,42,hermitdave-frequencywords-zh_cn-50k,cc-cedict
zh,呢,ne5,used in questions to link back to prior discourse or context,43,hermitdave-frequencywords-zh_cn-50k,cc-cedict
zh,但,dan4,but; yet; however; still,44,hermitdave-frequencywords-zh_cn-50k,cc-cedict
zh,到,dao4,reach; to arrive,45,hermitdave-frequencywords-zh_cn-50k,cc-cedict
zh,还,Huan2,surname Huan,46,hermitdave-frequencywords-zh_cn-50k,cc-cedict
zh,现在,xian4 zai4,now; at present; currently,47,hermitdave-frequencywords-zh_cn-50k,cc-cedict
zh,这个,zhe4 ge5,this,48,hermitdave-frequencywords-zh_cn-50k,cc-cedict
zh,能,Neng2,surname Neng,49,hermitdave-frequencywords-zh_cn-50k,cc-cedict
zh,怎么,zen3 me5,how?,50,hermitdave-frequencywords-zh_cn-50k,cc-cedict
zh,就是,jiu4 shi4,exactly; precisely,51,hermitdave-frequencywords-zh_cn-50k,cc-cedict
zh,跟,gen1,heel,52,hermitdave-frequencywords-zh_cn-50k,cc-cedict
zh,如果,ru2 guo3,if; in case; in the event that,53,hermitdave-frequencywords-zh_cn-50k,cc-cedict
zh,没,mei2,have not; not,54,hermitdave-frequencywords-zh_cn-50k,cc-cedict
zh,它,ta1,it,55,hermitdave-frequencywords-zh_cn-50k,cc-cedict
zh,走,zou3,walk,56,hermitdave-frequencywords-zh_cn-50k,cc-cedict
zh,上,shang3,used in 上聲|上声[shang3 sheng1],57,hermitdave-frequencywords-zh_cn-50k,cc-cedict
zh,得,de2,obtain,58,hermitdave-frequencywords-zh_cn-50k,cc-cedict
zh,被,bei4,quilt,59,hermitdave-frequencywords-zh_cn-50k,cc-cedict
zh,这里,zhe4 li3,variant of 這裡|这里[zhe4 li3],60,hermitdave-frequencywords-zh_cn-50k,cc-cedict
zh,这样,zhe4 yang4,this way; like this; so,61,hermitdave-frequencywords-zh_cn-50k,cc-cedict
zh,个,ge3,used in 自個兒|自个儿[zi4 ge3 r5],62,hermitdave-frequencywords-zh_cn-50k,cc-cedict
zh,看,kan1,look after,63,hermitdave-frequencywords-zh_cn-50k,cc-cedict
zh,事,shi4,matter,64,hermitdave-frequencywords-zh_cn-50k,cc-cedict
zh,自己,zi4 ji3,oneself; one's own,65,hermitdave-frequencywords-zh_cn-50k,cc-cedict
zh,着,zhao1,variant of 著|着[zhao1],66,hermitdave-frequencywords-zh_cn-50k,cc-cedict
zh,谁,shei2,who,67,hermitdave-frequencywords-zh_cn-50k,cc-cedict
zh,过,Guo1,surname Guo,68,hermitdave-frequencywords-zh_cn-50k,cc-cedict
zh,不会,bu4 hui4,improbable,69,hermitdave-frequencywords-zh_cn-50k,cc-cedict
zh,告诉,gao4 su4,press charges; to file a complaint,70,hermitdave-frequencywords-zh_cn-50k,cc-cedict
zh,为什么,wei4 shen2 me5,why?,71,hermitdave-frequencywords-zh_cn-50k,cc-cedict
zh,不能,bu4 neng2,cannot,72,hermitdave-frequencywords-zh_cn-50k,cc-cedict
zh,真的,zhen1 de5,really; truly; indeed,73,hermitdave-frequencywords-zh_cn-50k,cc-cedict
zh,先生,xian1 sheng5,teacher,74,hermitdave-frequencywords-zh_cn-50k,cc-cedict
zh,只是,zhi3 shi4,merely; only; just; nothing but,75,hermitdave-frequencywords-zh_cn-50k,cc-cedict
zh,不要,bu4 yao4,don't!; must not,76,hermitdave-frequencywords-zh_cn-50k,cc-cedict
zh,已经,yi3 jing1,already,77,hermitdave-frequencywords-zh_cn-50k,cc-cedict
zh,再,zai4,again; once more; re-,78,hermitdave-frequencywords-zh_cn-50k,cc-cedict
zh,哦,e2,chant,79,hermitdave-frequencywords-zh_cn-50k,cc-cedict
zh,需要,xu1 yao4,need; to want; to demand; to require,80,hermitdave-frequencywords-zh_cn-50k,cc-cedict
zh,因为,yin1 wei4,because; owing to; on account of,81,hermitdave-frequencywords-zh_cn-50k,cc-cedict
zh,谢谢,xie4 xie5,thank,82,hermitdave-frequencywords-zh_cn-50k,cc-cedict
zh,像,xiang4,resemble,83,hermitdave-frequencywords-zh_cn-50k,cc-cedict
zh,这么,zhe4 me5,so much,84,hermitdave-frequencywords-zh_cn-50k,cc-cedict
zh,可能,ke3 neng2,might,85,hermitdave-frequencywords-zh_cn-50k,cc-cedict
zh,但是,dan4 shi4,but; however,86,hermitdave-frequencywords-zh_cn-50k,cc-cedict
zh,那个,na4 ge5,that one,87,hermitdave-frequencywords-zh_cn-50k,cc-cedict
zh,所以,suo3 yi3,therefore,88,hermitdave-frequencywords-zh_cn-50k,cc-cedict
zh,喜欢,xi3 huan5,like; to be fond of,89,hermitdave-frequencywords-zh_cn-50k,cc-cedict
zh,又,you4,again,90,hermitdave-frequencywords-zh_cn-50k,cc-cedict
zh,叫,jiao4,shout,91,hermitdave-frequencywords-zh_cn-50k,cc-cedict
zh,快,kuai4,rapid,92,hermitdave-frequencywords-zh_cn-50k,cc-cedict
zh,觉得,jue2 de5,think that ...; to feel that ...,93,hermitdave-frequencywords-zh_cn-50k,cc-cedict
zh,别,Bie2,surname Bie,94,hermitdave-frequencywords-zh_cn-50k,cc-cedict
zh,听,yin3,smile,95,hermitdave-frequencywords-zh_cn-50k,cc-cedict
zh,找,zhao3,try to find,96,hermitdave-frequencywords-zh_cn-50k,cc-cedict
zh,里,li3,variant of 裡|里[li3],97,hermitdave-frequencywords-zh_cn-50k,cc-cedict
zh,还有,hai2 you3,there still remain; there is still,98,hermitdave-frequencywords-zh_cn-50k,cc-cedict
zh,时候,shi2 hou5,time,99,hermitdave-frequencywords-zh_cn-50k,cc-cedict
zh,东西,dong1 xi1,east and west,100,hermitdave-frequencywords-zh_cn-50k,cc-cedict
zh,等,deng3,wait for; to await,101,hermitdave-frequencywords-zh_cn-50k,cc-cedict
zh,死,si3,die,102,hermitdave-frequencywords-zh_cn-50k,cc-cedict
zh,多,duo1,many; much; more; a lot of,103,hermitdave-frequencywords-zh_cn-50k,cc-cedict
zh,从,cong2,variant of 從|从[cong2],104,hermitdave-frequencywords-zh_cn-50k,cc-cedict
zh,一起,yi1 qi3,the same place,105,hermitdave-frequencywords-zh_cn-50k,cc-cedict
zh,应该,ying1 gai1,ought to; should; must,106,hermitdave-frequencywords-zh_cn-50k,cc-cedict
zh,这些,zhe4 xie1,these,107,hermitdave-frequencywords-zh_cn-50k,cc-cedict
zh,请,qing3,ask,108,hermitdave-frequencywords-zh_cn-50k,cc-cedict
zh,孩子,hai2 zi5,child,109,hermitdave-frequencywords-zh_cn-50k,cc-cedict
zh,看到,kan4 dao4,see,110,hermitdave-frequencywords-zh_cn-50k,cc-cedict
zh,一下,yi1 xia4,a bit; a little,111,hermitdave-frequencywords-zh_cn-50k,cc-cedict
zh,那么,na4 me5,like that; in that way; to that extent,112,hermitdave-frequencywords-zh_cn-50k,cc-cedict
zh,为,wei2,as,113,hermitdave-frequencywords-zh_cn-50k,cc-cedict
zh,而,er2,and,114,hermitdave-frequencywords-zh_cn-50k,cc-cedict
zh,您,nin2,you,115,hermitdave-frequencywords-zh_cn-50k,cc-cedict
zh,才,cai2,ability; talent,116,hermitdave-frequencywords-zh_cn-50k,cc-cedict
zh,用,yong4,use; to make use of; to employ,117,hermitdave-frequencywords-zh_cn-50k,cc-cedict
zh,还是,hai2 shi5,still,118,hermitdave-frequencywords-zh_cn-50k,cc-cedict
zh,嗯,en5,"interjection indicating approval, appreciation or agreement",119,hermitdave-frequencywords-zh_cn-50k,cc-cedict
zh,问题,wen4 ti2,question,120,hermitdave-frequencywords-zh_cn-50k,cc-cedict
zh,工作,gong1 zuo4,work,121,hermitdave-frequencywords-zh_cn-50k,cc-cedict
zh,一样,yi1 yang4,same,122,hermitdave-frequencywords-zh_cn-50k,cc-cedict
zh,呀,ya1,ah,123,hermitdave-frequencywords-zh_cn-50k,cc-cedict
zh,开始,kai1 shi3,begin,124,hermitdave-frequencywords-zh_cn-50k,cc-cedict
zh,吃,chi1,eat; to consume,125,hermitdave-frequencywords-zh_cn-50k,cc-cedict
zh,嘿,hei1,hey,126,hermitdave-frequencywords-zh_cn-50k,cc-cedict
zh,当,dang1,dong,127,hermitdave-frequencywords-zh_cn-50k,cc-cedict
zh,真,zhen1,really,128,hermitdave-frequencywords-zh_cn-50k,cc-cedict
zh,中,Zhong1,China; Chinese,129,hermitdave-frequencywords-zh_cn-50k,cc-cedict
zh,然后,ran2 hou4,then; after that; afterwards,130,hermitdave-frequencywords-zh_cn-50k,cc-cedict
zh,看看,kan4 kan5,take a look at,131,hermitdave-frequencywords-zh_cn-50k,cc-cedict
zh,地方,di4 fang1,region,132,hermitdave-frequencywords-zh_cn-50k,cc-cedict
zh,一定,yi1 ding4,surely; certainly; definitely,133,hermitdave-frequencywords-zh_cn-50k,cc-cedict
zh,将,jiang1,will,134,hermitdave-frequencywords-zh_cn-50k,cc-cedict
zh,希望,xi1 wang4,hope,135,hermitdave-frequencywords-zh_cn-50k,cc-cedict
zh,朋友,peng2 you5,friend,136,hermitdave-frequencywords-zh_cn-50k,cc-cedict
zh,今天,jin1 tian1,today,137,hermitdave-frequencywords-zh_cn-50k,cc-cedict
zh,拿,na2,old variant of 拿[na2],138,hermitdave-frequencywords-zh_cn-50k,cc-cedict
zh,一,yi1,one,139,hermitdave-frequencywords-zh_cn-50k,cc-cedict
zh,啦,la1,"sound of singing, cheering etc",140,hermitdave-frequencywords-zh_cn-50k,cc-cedict
zh,事情,shi4 qing5,affair; matter; thing; business,141,hermitdave-frequencywords-zh_cn-50k,cc-cedict
zh,一直,yi1 zhi2,straight,142,hermitdave-frequencywords-zh_cn-50k,cc-cedict
zh,所有,suo3 you3,all,143,hermitdave-frequencywords-zh_cn-50k,cc-cedict
zh,找到,zhao3 dao4,find,144,hermitdave-frequencywords-zh_cn-50k,cc-cedict
zh,哪,na3,how,145,hermitdave-frequencywords-zh_cn-50k,cc-cedict
zh,当然,dang1 ran2,only natural,146,hermitdave-frequencywords-zh_cn-50k,cc-cedict
zh,们,men5,"plural marker for pronouns, and nouns referring to individuals",147,hermitdave-frequencywords-zh_cn-50k,cc-cedict
zh,回来,hui2 lai5,return; to come back,148,hermitdave-frequencywords-zh_cn-50k,cc-cedict
zh,不想,bu4 xiang3,unexpectedly; to one's surprise,149,hermitdave-frequencywords-zh_cn-50k,cc-cedict
zh,更,geng1,change or replace,150,hermitdave-frequencywords-zh_cn-50k,cc-cedict
zh,最,zui4,variant of 最[zui4],151,hermitdave-frequencywords-zh_cn-50k,cc-cedict
zh,帮,bang1,old variant of 幫|帮[bang1],152,hermitdave-frequencywords-zh_cn-50k,cc-cedict
zh,没事,mei2 shi4,it's not important,153,hermitdave-frequencywords-zh_cn-50k,cc-cedict
zh,只,zhi1,variant of 隻|只[zhi1],154,hermitdave-frequencywords-zh_cn-50k,cc-cedict
zh,那些,na4 xie1,those,155,hermitdave-frequencywords-zh_cn-50k,cc-cedict
zh,可,ke3,can; may; able to; -able,156,hermitdave-frequencywords-zh_cn-50k,cc-cedict
zh,明白,ming2 bai5,clear; obvious; unequivocal,157,hermitdave-frequencywords-zh_cn-50k,cc-cedict
zh,的话,de5 hua4,if,158,hermitdave-frequencywords-zh_cn-50k,cc-cedict
zh,爸爸,ba4 ba5,father; dad,159,hermitdave-frequencywords-zh_cn-50k,cc-cedict
zh,下,xia4,down,160,hermitdave-frequencywords-zh_cn-50k,cc-cedict
zh,太,tai4,highest,161,hermitdave-frequencywords-zh_cn-50k,cc-cedict
zh,离开,li2 kai1,depart; to leave,162,hermitdave-frequencywords-zh_cn-50k,cc-cedict
zh,一切,yi1 qie4,everything,163,hermitdave-frequencywords-zh_cn-50k,cc-cedict
zh,时间,shi2 jian1,time,164,hermitdave-frequencywords-zh_cn-50k,cc-cedict
zh,相信,xiang1 xin4,believe; to be convinced; to accept as true,165,hermitdave-frequencywords-zh_cn-50k,cc-cedict
zh,妈妈,ma1 ma5,mama,166,hermitdave-frequencywords-zh_cn-50k,cc-cedict
zh,想要,xiang3 yao4,want to,167,hermitdave-frequencywords-zh_cn-50k,cc-cedict
zh,爱,ai4,love; to be fond of; to like,168,hermitdave-frequencywords-zh_cn-50k,cc-cedict
zh,发生,fa1 sheng1,happen; to occur; to take place; to break out,169,hermitdave-frequencywords-zh_cn-50k,cc-cedict
zh,打,da2,dozen,170,hermitdave-frequencywords-zh_cn-50k,cc-cedict
zh,点,dian3,touch briefly; to tap,171,hermitdave-frequencywords-zh_cn-50k,cc-cedict
zh,钱,Qian2,surname Qian,172,hermitdave-frequencywords-zh_cn-50k,cc-cedict
zh,大,da4,big; large; great,173,hermitdave-frequencywords-zh_cn-50k,cc-cedict
zh,起来,qi3 lai5,stand up; to get up,174,hermitdave-frequencywords-zh_cn-50k,cc-cedict
zh,真是,zhen1 shi5,indeed; truly,175,hermitdave-frequencywords-zh_cn-50k,cc-cedict
zh,你好,ni3 hao3,hello; hi,176,hermitdave-frequencywords-zh_cn-50k,cc-cedict
zh,抱歉,bao4 qian4,be sorry,177,hermitdave-frequencywords-zh_cn-50k,cc-cedict
zh,必须,bi4 xu1,have to,178,hermitdave-frequencywords-zh_cn-50k,cc-cedict
zh,认为,ren4 wei2,believe; to think; to consider; to feel,179,hermitdave-frequencywords-zh_cn-50k,cc-cedict
zh,一点,yi1 dian3,a bit; a little bit,180,hermitdave-frequencywords-zh_cn-50k,cc-cedict
zh,非常,fei1 chang2,very; really,181,hermitdave-frequencywords-zh_cn-50k,cc-cedict
zh,那里,na4 li5,there; that place,182,hermitdave-frequencywords-zh_cn-50k,cc-cedict
zh,对不起,dui4 bu5 qi3,I'm sorry; excuse me; I beg your pardon,183,hermitdave-frequencywords-zh_cn-50k,cc-cedict
zh,天,tian1,day,184,hermitdave-frequencywords-zh_cn-50k,cc-cedict
zh,也许,ye3 xu3,perhaps; maybe,185,hermitdave-frequencywords-zh_cn-50k,cc-cedict
zh,大家,da4 jia1,everyone,186,hermitdave-frequencywords-zh_cn-50k,cc-cedict
zh,哪里,na3 li3,where?,187,hermitdave-frequencywords-zh_cn-50k,cc-cedict
zh,有人,you3 ren2,someone,188,hermitdave-frequencywords-zh_cn-50k,cc-cedict
zh,该,gai1,should,189,hermitdave-frequencywords-zh_cn-50k,cc-cedict
zh,意思,yi4 si5,idea,190,hermitdave-frequencywords-zh_cn-50k,cc-cedict
zh,杀,sha1,kill; to slay; to murder; to attack,191,hermitdave-frequencywords-zh_cn-50k,cc-cedict
zh,准备,zhun3 bei4,preparation,192,hermitdave-frequencywords-zh_cn-50k,cc-cedict
zh,并,bing4,and,193,hermitdave-frequencywords-zh_cn-50k,cc-cedict
zh,出来,chu1 lai2,come out,194,hermitdave-frequencywords-zh_cn-50k,cc-cedict
zh,与,yu2,variant of 歟|欤[yu2],195,hermitdave-frequencywords-zh_cn-50k,cc-cedict
zh,时,shi2,old variant of 時|时[shi2],196,hermitdave-frequencywords-zh_cn-50k,cc-cedict
zh,不过,bu4 guo4,only,197,hermitdave-frequencywords-zh_cn-50k,cc-cedict
zh,一些,yi1 xie1,some; a few; a little; slightly ...er,198,hermitdave-frequencywords-zh_cn-50k,cc-cedict
zh,为了,wei4 le5,for; for the purpose of; in order to,199,hermitdave-frequencywords-zh_cn-50k,cc-cedict
zh,带,dai4,band,200,hermitdave-frequencywords-zh_cn-50k,cc-cedict
zh,女人,nu:3 ren2,woman,201,hermitdave-frequencywords-zh_cn-50k,cc-cedict
zh,这儿,zhe4 r5,here,202,hermitdave-frequencywords-zh_cn-50k,cc-cedict
zh,后,Hou4,surname Hou,203,hermitdave-frequencywords-zh_cn-50k,cc-cedict
zh,只有,zhi3 you3,only have ...; there is only ...,204,hermitdave-frequencywords-zh_cn-50k,cc-cedict
zh,过来,guo4 lai2,come over,205,hermitdave-frequencywords-zh_cn-50k,cc-cedict
zh,比,Bi3,Belgium,206,hermitdave-frequencywords-zh_cn-50k,cc-cedict
zh,一次,yi1 ci4,first,207,hermitdave-frequencywords-zh_cn-50k,cc-cedict
zh,得到,de2 dao4,get; to obtain; to receive,208,hermitdave-frequencywords-zh_cn-50k,cc-cedict
zh,任何,ren4 he2,any; whatever; whichever,209,hermitdave-frequencywords-zh_cn-50k,cc-cedict
zh,这种,zhe4 zhong3,this kind of,210,hermitdave-frequencywords-zh_cn-50k,cc-cedict
zh,小,xiao3,small,211,hermitdave-frequencywords-zh_cn-50k,cc-cedict
zh,怎么样,zen3 me5 yang4,how?,212,hermitdave-frequencywords-zh_cn-50k,cc-cedict
zh,感觉,gan3 jue2,feeling; impression; sensation,213,hermitdave-frequencywords-zh_cn-50k,cc-cedict
zh,年,Nian2,surname Nian,214,hermitdave-frequencywords-zh_cn-50k,cc-cedict
zh,是不是,shi4 bu5 shi4,is or is not,215,hermitdave-frequencywords-zh_cn-50k,cc-cedict
zh,以为,yi3 wei2,think; to believe,216,hermitdave-frequencywords-zh_cn-50k,cc-cedict
zh,而且,er2 qie3,but also,217,hermitdave-frequencywords-zh_cn-50k,cc-cedict
zh,前,qian2,front,218,hermitdave-frequencywords-zh_cn-50k,cc-cedict
zh,生活,sheng1 huo2,live,219,hermitdave-frequencywords-zh_cn-50k,cc-cedict
zh,男人,nan2 ren2,a man,220,hermitdave-frequencywords-zh_cn-50k,cc-cedict
zh,之前,zhi1 qian2,before,221,hermitdave-frequencywords-zh_cn-50k,cc-cedict
zh,喂,wei2,hello,222,hermitdave-frequencywords-zh_cn-50k,cc-cedict
zh,问,wen4,ask; to inquire,223,hermitdave-frequencywords-zh_cn-50k,cc-cedict
zh,发现,fa1 xian4,notice; to become aware of,224,hermitdave-frequencywords-zh_cn-50k,cc-cedict
zh,噢,o1,oh; ah,225,hermitdave-frequencywords-zh_cn-50k,cc-cedict
zh,可是,ke3 shi4,but; however,226,hermitdave-frequencywords-zh_cn-50k,cc-cedict
zh,快点,kuai4 dian3,do sth more quickly,227,hermitdave-frequencywords-zh_cn-50k,cc-cedict
zh,嗨,hai1,oh alas,228,hermitdave-frequencywords-zh_cn-50k,cc-cedict
zh,妈,ma1,ma,229,hermitdave-frequencywords-zh_cn-50k,cc-cedict
zh,不用,bu4 yong4,need not,230,hermitdave-frequencywords-zh_cn-50k,cc-cedict
zh,地,de5,-ly,231,hermitdave-frequencywords-zh_cn-50k,cc-cedict
zh,向,Xiang4,surname Xiang,232,hermitdave-frequencywords-zh_cn-50k,cc-cedict
zh,名字,ming2 zi5,name,233,hermitdave-frequencywords-zh_cn-50k,cc-cedict
zh,没错,mei2 cuo4,that's right,234,hermitdave-frequencywords-zh_cn-50k,cc-cedict
zh,见,jian4,see,235,hermitdave-frequencywords-zh_cn-50k,cc-cedict
zh,世界,shi4 jie4,world,236,hermitdave-frequencywords-zh_cn-50k,cc-cedict
zh,记得,ji4 de5,remember,237,hermitdave-frequencywords-zh_cn-50k,cc-cedict
zh,住,zhu4,live; to reside; to stay,238,hermitdave-frequencywords-zh_cn-50k,cc-cedict
zh,新,Xin1,abbr. for Xinjiang 新疆[Xin1 jiang1],239,hermitdave-frequencywords-zh_cn-50k,cc-cedict
zh,不错,bu4 cuo4,correct,240,hermitdave-frequencywords-zh_cn-50k,cc-cedict
zh,肯定,ken3 ding4,be certain; to be positive,241,hermitdave-frequencywords-zh_cn-50k,cc-cedict
zh,最好,zui4 hao3,best,242,hermitdave-frequencywords-zh_cn-50k,cc-cedict
zh,不行,bu4 xing2,won't do,243,hermitdave-frequencywords-zh_cn-50k,cc-cedict
zh,等等,deng3 deng3,et cetera,244,hermitdave-frequencywords-zh_cn-50k,cc-cedict
zh,嘛,ma2,used in 唵嘛呢叭咪吽[an3 ma2 ni2 ba1 mi1 hong1],245,hermitdave-frequencywords-zh_cn-50k,cc-cedict
zh,出去,chu1 qu4,go out,246,hermitdave-frequencywords-zh_cn-50k,cc-cedict
zh,么,ma2,exclamatory final particle,247,hermitdave-frequencywords-zh_cn-50k,cc-cedict
zh,先,xian1,beforehand; first; earlier,248,hermitdave-frequencywords-zh_cn-50k,cc-cedict
zh,亲爱,qin1 ai4,dear,249,hermitdave-frequencywords-zh_cn-50k,cc-cedict
zh,或,huo4,maybe,250,hermitdave-frequencywords-zh_cn-50k,cc-cedict
zh,担心,dan1 xin1,anxious,251,hermitdave-frequencywords-zh_cn-50k,cc-cedict
zh,如何,ru2 he2,how,252,hermitdave-frequencywords-zh_cn-50k,cc-cedict
zh,到底,dao4 di3,finally,253,hermitdave-frequencywords-zh_cn-50k,cc-cedict
zh,有点,you3 dian3,a little,254,hermitdave-frequencywords-zh_cn-50k,cc-cedict
zh,最后,zui4 hou4,final; last; ultimate,255,hermitdave-frequencywords-zh_cn-50k,cc-cedict
zh,小姐,xiao3 jie5,young lady,256,hermitdave-frequencywords-zh_cn-50k,cc-cedict
zh,上帝,Shang4 di4,God,257,hermitdave-frequencywords-zh_cn-50k,cc-cedict
zh,认识,ren4 shi5,know,258,hermitdave-frequencywords-zh_cn-50k,cc-cedict
zh,正在,zheng4 zai4,be in the process of; to be currently ...-ing,259,hermitdave-frequencywords-zh_cn-50k,cc-cedict
zh,那样,na4 yang4,that kind,260,hermitdave-frequencywords-zh_cn-50k,cc-cedict
zh,父亲,fu4 qin1,father,261,hermitdave-frequencywords-zh_cn-50k,cc-cedict
zh,高兴,gao1 xing4,happy,262,hermitdave-frequencywords-zh_cn-50k,cc-cedict
zh,明天,ming2 tian1,tomorrow,263,hermitdave-frequencywords-zh_cn-50k,cc-cedict
zh,重要,zhong4 yao4,important; significant; major,264,hermitdave-frequencywords-zh_cn-50k,cc-cedict
zh,跑,pao2,to paw,265,hermitdave-frequencywords-zh_cn-50k,cc-cedict
zh,警察,jing3 cha2,police; police officer,266,hermitdave-frequencywords-zh_cn-50k,cc-cedict
zh,只要,zhi3 yao4,so long as; provided; if,267,hermitdave-frequencywords-zh_cn-50k,cc-cedict
zh,干什么,gan4 shen2 me5,what are you doing?,268,hermitdave-frequencywords-zh_cn-50k,cc-cedict
zh,好像,hao3 xiang4,as if,269,hermitdave-frequencywords-zh_cn-50k,cc-cedict
zh,再见,zai4 jian4,goodbye,270,hermitdave-frequencywords-zh_cn-50k,cc-cedict
zh,月,yue4,moon,271,hermitdave-frequencywords-zh_cn-50k,cc-cedict
zh,继续,ji4 xu4,continue; to proceed with; to go on with,272,hermitdave-frequencywords-zh_cn-50k,cc-cedict
zh,出,chu1,go out; to come out,273,hermitdave-frequencywords-zh_cn-50k,cc-cedict
zh,今晚,jin1 wan3,tonight,274,hermitdave-frequencywords-zh_cn-50k,cc-cedict
zh,他妈的,ta1 ma1 de5,damn it!,275,hermitdave-frequencywords-zh_cn-50k,cc-cedict
zh,回家,hui2 jia1,return home,276,hermitdave-frequencywords-zh_cn-50k,cc-cedict
zh,它们,ta1 men5,they; them,277,hermitdave-frequencywords-zh_cn-50k,cc-cedict
zh,多少,duo1 shao3,number; amount,278,hermitdave-frequencywords-zh_cn-50k,cc-cedict
zh,电话,dian4 hua4,telephone,279,hermitdave-frequencywords-zh_cn-50k,cc-cedict
zh,听到,ting1 dao4,hear,280,hermitdave-frequencywords-zh_cn-50k,cc-cedict
zh,干嘛,gan4 ma2,what are you doing?,281,hermitdave-frequencywords-zh_cn-50k,cc-cedict
zh,干,gan1,old variant of 乾|干[gan1],282,hermitdave-frequencywords-zh_cn-50k,cc-cedict
zh,医生,yi1 sheng1,doctor,283,hermitdave-frequencywords-zh_cn-50k,cc-cedict
zh,要是,yao4 shi5,if,284,hermitdave-frequencywords-zh_cn-50k,cc-cedict
zh,女孩,nu:3 hai2,girl; lass,285,hermitdave-frequencywords-zh_cn-50k,cc-cedict
zh,所,suo3,actually,286,hermitdave-frequencywords-zh_cn-50k,cc-cedict
zh,马上,ma3 shang4,at once,287,hermitdave-frequencywords-zh_cn-50k,cc-cedict
zh,过去,guo4 qu4,past; former; previous,288,hermitdave-frequencywords-zh_cn-50k,cc-cedict
zh,以前,yi3 qian2,before,289,hermitdave-frequencywords-zh_cn-50k,cc-cedict
zh,儿子,er2 zi5,son,290,hermitdave-frequencywords-zh_cn-50k,cc-cedict
zh,哪儿,na3 r5,where?,291,hermitdave-frequencywords-zh_cn-50k,cc-cedict
zh,说话,shuo1 hua4,speak,292,hermitdave-frequencywords-zh_cn-50k,cc-cedict
zh,买,mai3,buy,293,hermitdave-frequencywords-zh_cn-50k,cc-cedict
zh,看起来,kan4 qi3 lai5,seemingly; apparently; looks as if; appears to be; gives the impression that; seems on the face of it to be,294,hermitdave-frequencywords-zh_cn-50k,cc-cedict
zh,完全,wan2 quan2,complete; whole,295,hermitdave-frequencywords-zh_cn-50k,cc-cedict
zh,该死,gai1 si3,Damn it!,296,hermitdave-frequencywords-zh_cn-50k,cc-cedict
zh,美国,Mei3 guo2,United States; USA; US,297,hermitdave-frequencywords-zh_cn-50k,cc-cedict
zh,怎样,zen3 yang4,how,298,hermitdave-frequencywords-zh_cn-50k,cc-cedict
zh,回去,hui2 qu5,return,299,hermitdave-frequencywords-zh_cn-50k,cc-cedict
zh,以,yi3,old variant of 以[yi3],300,hermitdave-frequencywords-zh_cn-50k,cc-cedict
zh,却,que4,old variant of 卻|却[que4],301,hermitdave-frequencywords-zh_cn-50k,cc-cedict
zh,其他,qi2 ta1,other,302,hermitdave-frequencywords-zh_cn-50k,cc-cedict
zh,永远,yong3 yuan3,forever,303,hermitdave-frequencywords-zh_cn-50k,cc-cedict
zh,家伙,jia1 huo5,variant of 家伙[jia1 huo5],304,hermitdave-frequencywords-zh_cn-50k,cc-cedict
zh,之后,zhi1 hou4,after; behind,305,hermitdave-frequencywords-zh_cn-50k,cc-cedict
zh,看见,kan4 jian4,see; to catch sight of,306,hermitdave-frequencywords-zh_cn-50k,cc-cedict
zh,或者,huo4 zhe3,or,307,hermitdave-frequencywords-zh_cn-50k,cc-cedict
zh,小心,xiao3 xin1,be careful,308,hermitdave-frequencywords-zh_cn-50k,cc-cedict
zh,行,hang2,row; line,309,hermitdave-frequencywords-zh_cn-50k,cc-cedict
zh,别人,bie2 ren5,other people; others; other person,310,hermitdave-frequencywords-zh_cn-50k,cc-cedict
zh,成为,cheng2 wei2,become; to turn into,311,hermitdave-frequencywords-zh_cn-50k,cc-cedict
zh,写,xie3,write,312,hermitdave-frequencywords-zh_cn-50k,cc-cedict
zh,不到,bu4 dao4,not to arrive,313,hermitdave-frequencywords-zh_cn-50k,cc-cedict
zh,情况,qing2 kuang4,circumstances; state of affairs; situation,314,hermitdave-frequencywords-zh_cn-50k,cc-cedict
zh,送,song4,send; to deliver; to transmit,315,hermitdave-frequencywords-zh_cn-50k,cc-cedict
zh,伙计,huo3 ji5,partner,316,hermitdave-frequencywords-zh_cn-50k,cc-cedict
zh,玩,wan2,play,317,hermitdave-frequencywords-zh_cn-50k,cc-cedict
zh,见到,jian4 dao4,see,318,hermitdave-frequencywords-zh_cn-50k,cc-cedict
zh,放,fang4,put,319,hermitdave-frequencywords-zh_cn-50k,cc-cedict
zh,晚上,wan3 shang5,evening,320,hermitdave-frequencywords-zh_cn-50k,cc-cedict
zh,喝,he1,drink,321,hermitdave-frequencywords-zh_cn-50k,cc-cedict
zh,总是,zong3 shi4,always,322,hermitdave-frequencywords-zh_cn-50k,cc-cedict
zh,好好,hao3 hao3,well; carefully; nicely; properly,323,hermitdave-frequencywords-zh_cn-50k,cc-cedict
zh,号,hao2,to wail; to howl,324,hermitdave-frequencywords-zh_cn-50k,cc-cedict
zh,如此,ru2 ci3,like this; so; such,325,hermitdave-frequencywords-zh_cn-50k,cc-cedict
zh,家,jia1,used in 傢伙|家伙[jia1 huo5] and 傢俱|家俱[jia1 ju4],326,hermitdave-frequencywords-zh_cn-50k,cc-cedict
zh,坐,Zuo4,surname Zuo,327,hermitdave-frequencywords-zh_cn-50k,cc-cedict
zh,了解,liao3 jie3,understand,328,hermitdave-frequencywords-zh_cn-50k,cc-cedict
zh,有没有,you3 mei2 you3,Do have ...?,329,hermitdave-frequencywords-zh_cn-50k,cc-cedict
zh,兄弟,xiong1 di4,brothers,330,hermitdave-frequencywords-zh_cn-50k,cc-cedict
zh,没什么,mei2 shen2 me5,it doesn't matter; it's nothing; never mind,331,hermitdave-frequencywords-zh_cn-50k,cc-cedict
zh,结束,jie2 shu4,termination,332,hermitdave-frequencywords-zh_cn-50k,cc-cedict
zh,机会,ji1 hui4,opportunity,333,hermitdave-frequencywords-zh_cn-50k,cc-cedict
zh,已,yi3,already,334,hermitdave-frequencywords-zh_cn-50k,cc-cedict
zh,安全,an1 quan2,safe; secure,335,hermitdave-frequencywords-zh_cn-50k,cc-cedict
zh,拜托,bai4 tuo1,request sb to do sth,336,hermitdave-frequencywords-zh_cn-50k,cc-cedict
zh,决定,jue2 ding4,decide; to determine; to make up one's mind,337,hermitdave-frequencywords-zh_cn-50k,cc-cedict
zh,穿,chuan1,wear,338,hermitdave-frequencywords-zh_cn-50k,cc-cedict
zh,确定,que4 ding4,definite,339,hermitdave-frequencywords-zh_cn-50k,cc-cedict
zh,里面,li3 mian4,variant of 裡面|里面[li3 mian4],340,hermitdave-frequencywords-zh_cn-50k,cc-cedict
zh,怎么办,zen3 me5 ban4,what's to be done,341,hermitdave-frequencywords-zh_cn-50k,cc-cedict
zh,还好,hai2 hao3,not bad; pretty good,342,hermitdave-frequencywords-zh_cn-50k,cc-cedict
zh,无法,wu2 fa3,unable to; incapable of,343,hermitdave-frequencywords-zh_cn-50k,cc-cedict
zh,小时,xiao3 shi2,hour,344,hermitdave-frequencywords-zh_cn-50k,cc-cedict
zh,站,zhan4,station,345,hermitdave-frequencywords-zh_cn-50k,cc-cedict
zh,清楚,qing1 chu5,clear,346,hermitdave-frequencywords-zh_cn-50k,cc-cedict
zh,有些,you3 xie1,some,347,hermitdave-frequencywords-zh_cn-50k,cc-cedict
zh,错,Cuo4,surname Cuo,348,hermitdave-frequencywords-zh_cn-50k,cc-cedict
zh,帮助,bang1 zhu4,assistance; aid,349,hermitdave-frequencywords-zh_cn-50k,cc-cedict
zh,长官,zhang3 guan1,senior official,350,hermitdave-frequencywords-zh_cn-50k,cc-cedict
zh,公司,gong1 si1,company; firm; corporation,351,hermitdave-frequencywords-zh_cn-50k,cc-cedict
zh,打电话,da3 dian4 hua4,make a telephone call,352,hermitdave-frequencywords-zh_cn-50k,cc-cedict
zh,房子,fang2 zi5,house,353,hermitdave-frequencywords-zh_cn-50k,cc-cedict
zh,根本,gen1 ben3,fundamental,354,hermitdave-frequencywords-zh_cn-50k,cc-cedict
zh,懂,dong3,understand,355,hermitdave-frequencywords-zh_cn-50k,cc-cedict
zh,办法,ban4 fa3,way of handling sth; means; measure; solution to a problem,356,hermitdave-frequencywords-zh_cn-50k,cc-cedict
zh,不管,bu4 guan3,not to be concerned,357,hermitdave-frequencywords-zh_cn-50k,cc-cedict
zh,混蛋,hun2 dan4,scoundrel,358,hermitdave-frequencywords-zh_cn-50k,cc-cedict
zh,关于,guan1 yu2,pertaining to,359,hermitdave-frequencywords-zh_cn-50k,cc-cedict
zh,搞,gao3,do,360,hermitdave-frequencywords-zh_cn-50k,cc-cedict
zh,计划,ji4 hua4,plan,361,hermitdave-frequencywords-zh_cn-50k,cc-cedict
zh,唯一,wei2 yi1,only; sole,362,hermitdave-frequencywords-zh_cn-50k,cc-cedict
zh,女儿,nu:3 er2,daughter,363,hermitdave-frequencywords-zh_cn-50k,cc-cedict
zh,宝贝,bao3 bei4,treasured object,364,hermitdave-frequencywords-zh_cn-50k,cc-cedict
zh,每个,mei3 ge4,each; every,365,hermitdave-frequencywords-zh_cn-50k,cc-cedict
zh,怎么回事,zen3 me5 hui2 shi4,what's the matter?,366,hermitdave-frequencywords-zh_cn-50k,cc-cedict
zh,其实,qi2 shi2,actually; in fact; really,367,hermitdave-frequencywords-zh_cn-50k,cc-cedict
zh,漂亮,piao4 liang5,pretty; beautiful,368,hermitdave-frequencywords-zh_cn-50k,cc-cedict
zh,黑体,hei1 ti3,bold,369,hermitdave-frequencywords-zh_cn-50k,cc-cedict
zh,车,Che1,surname Che,370,hermitdave-frequencywords-zh_cn-50k,cc-cedict
zh,人们,ren2 men5,people,371,hermitdave-frequencywords-zh_cn-50k,cc-cedict
zh,真正,zhen1 zheng4,genuine; real; true,372,hermitdave-frequencywords-zh_cn-50k,cc-cedict
zh,甚至,shen4 zhi4,even; so much so that,373,hermitdave-frequencywords-zh_cn-50k,cc-cedict
zh,那边,na4 bian5,over there,374,hermitdave-frequencywords-zh_cn-50k,cc-cedict
zh,弄,long4,lane,375,hermitdave-frequencywords-zh_cn-50k,cc-cedict
zh,开,kai1,open,376,hermitdave-frequencywords-zh_cn-50k,cc-cedict
zh,不好,bu4 hao3,no good,377,hermitdave-frequencywords-zh_cn-50k,cc-cedict
zh,喔,o1,oh; I see,378,hermitdave-frequencywords-zh_cn-50k,cc-cedict
zh,回,hui2,circle,379,hermitdave-frequencywords-zh_cn-50k,cc-cedict
zh,进来,jin4 lai2,come in,380,hermitdave-frequencywords-zh_cn-50k,cc-cedict
zh,夫人,fu1 ren5,lady,381,hermitdave-frequencywords-zh_cn-50k,cc-cedict
zh,愿意,yuan4 yi4,wish,382,hermitdave-frequencywords-zh_cn-50k,cc-cedict
zh,麻烦,ma2 fan5,trouble; inconvenience,383,hermitdave-frequencywords-zh_cn-50k,cc-cedict
zh,睡,shui4,sleep,384,hermitdave-frequencywords-zh_cn-50k,cc-cedict
zh,哇,wa1,Wow!,385,hermitdave-frequencywords-zh_cn-50k,cc-cedict
zh,就要,jiu4 yao4,will,386,hermitdave-frequencywords-zh_cn-50k,cc-cedict
zh,打算,da3 suan4,plan,387,hermitdave-frequencywords-zh_cn-50k,cc-cedict
zh,完,wan2,finish,388,hermitdave-frequencywords-zh_cn-50k,cc-cedict
zh,故事,gu4 shi4,old practice,389,hermitdave-frequencywords-zh_cn-50k,cc-cedict
zh,一种,yi1 zhong3,one kind of; one type of,390,hermitdave-frequencywords-zh_cn-50k,cc-cedict
zh,害怕,hai4 pa4,be afraid; to be scared,391,hermitdave-frequencywords-zh_cn-50k,cc-cedict
zh,救,jiu4,variant of 救[jiu4],392,hermitdave-frequencywords-zh_cn-50k,cc-cedict
zh,手,shou3,hand,393,hermitdave-frequencywords-zh_cn-50k,cc-cedict
zh,房间,fang2 jian1,room,394,hermitdave-frequencywords-zh_cn-50k,cc-cedict
zh,由,you2,follow,395,hermitdave-frequencywords-zh_cn-50k,cc-cedict
zh,那儿,na4 r5,there,396,hermitdave-frequencywords-zh_cn-50k,cc-cedict
zh,衣服,yi1 fu5,clothes,397,hermitdave-frequencywords-zh_cn-50k,cc-cedict
zh,枪,Qiang1,surname Qiang,398,hermitdave-frequencywords-zh_cn-50k,cc-cedict
zh,母亲,mu3 qin1,mother,399,hermitdave-frequencywords-zh_cn-50k,cc-cedict
zh,另,ling4,other,400,hermitdave-frequencywords-zh_cn-50k,cc-cedict
zh,下来,xia4 lai5,come down,401,hermitdave-frequencywords-zh_cn-50k,cc-cedict
zh,听说,ting1 shuo1,hear,402,hermitdave-frequencywords-zh_cn-50k,cc-cedict
zh,不了,bu4 le5,no thanks,403,hermitdave-frequencywords-zh_cn-50k,cc-cedict
zh,注意,zhu4 yi4,take note of; to pay attention to,404,hermitdave-frequencywords-zh_cn-50k,cc-cedict
zh,改变,gai3 bian4,change,405,hermitdave-frequencywords-zh_cn-50k,cc-cedict
zh,没关系,mei2 guan1 xi5,it doesn't matter,406,hermitdave-frequencywords-zh_cn-50k,cc-cedict
zh,接受,jie1 shou4,accept; to acquiesce,407,hermitdave-frequencywords-zh_cn-50k,cc-cedict
zh,妻子,qi1 zi3,wife and children,408,hermitdave-frequencywords-zh_cn-50k,cc-cedict
zh,老,lao3,prefix used before the surname of a person or a numeral indicating the order of birth of the children in a family or to indicate affection or familiarity,409,hermitdave-frequencywords-zh_cn-50k,cc-cedict
zh,失去,shi1 qu4,lose,410,hermitdave-frequencywords-zh_cn-50k,cc-cedict
zh,回到,hui2 dao4,return to,411,hermitdave-frequencywords-zh_cn-50k,cc-cedict
zh,以后,yi3 hou4,after,412,hermitdave-frequencywords-zh_cn-50k,cc-cedict
zh,话,hua4,dialect,413,hermitdave-frequencywords-zh_cn-50k,cc-cedict
zh,是否,shi4 fou3,whether,414,hermitdave-frequencywords-zh_cn-50k,cc-cedict
zh,疯,feng1,insane,415,hermitdave-frequencywords-zh_cn-50k,cc-cedict
zh,生命,sheng1 ming4,life,416,hermitdave-frequencywords-zh_cn-50k,cc-cedict
zh,她们,ta1 men5,they; them,417,hermitdave-frequencywords-zh_cn-50k,cc-cedict
zh,忙,mang2,busy,418,hermitdave-frequencywords-zh_cn-50k,cc-cedict
zh,进去,jin4 qu4,go in,419,hermitdave-frequencywords-zh_cn-50k,cc-cedict
zh,抓,zhua1,grab,420,hermitdave-frequencywords-zh_cn-50k,cc-cedict
zh,女士,nu:3 shi4,lady,421,hermitdave-frequencywords-zh_cn-50k,cc-cedict
zh,原因,yuan2 yin1,cause,422,hermitdave-frequencywords-zh_cn-50k,cc-cedict
zh,刚才,gang1 cai2,just now,423,hermitdave-frequencywords-zh_cn-50k,cc-cedict
zh,保护,bao3 hu4,protect,424,hermitdave-frequencywords-zh_cn-50k,cc-cedict
zh,选择,xuan3 ze2,select; to pick,425,hermitdave-frequencywords-zh_cn-50k,cc-cedict
zh,几个,ji3 ge5,a few,426,hermitdave-frequencywords-zh_cn-50k,cc-cedict
zh,笑,xiao4,old variant of 笑[xiao4],427,hermitdave-frequencywords-zh_cn-50k,cc-cedict
zh,关系,guan1 xi5,relation,428,hermitdave-frequencywords-zh_cn-50k,cc-cedict
zh,从来,cong2 lai2,always,429,hermitdave-frequencywords-zh_cn-50k,cc-cedict
zh,当时,dang1 shi2,then; at that time,430,hermitdave-frequencywords-zh_cn-50k,cc-cedict
zh,出现,chu1 xian4,appear,431,hermitdave-frequencywords-zh_cn-50k,cc-cedict
zh,结婚,jie2 hun1,marry; to get married,432,hermitdave-frequencywords-zh_cn-50k,cc-cedict
zh,些,xie1,"classifier indicating a small amount or small number greater than 1: some, a few, several",433,hermitdave-frequencywords-zh_cn-50k,cc-cedict
zh,至少,zhi4 shao3,at least,434,hermitdave-frequencywords-zh_cn-50k,cc-cedict
zh,挺,ting3,straight,435,hermitdave-frequencywords-zh_cn-50k,cc-cedict
zh,成功,Cheng2 gong1,"Chenggong or Chengkung town in Taitung County 臺東縣|台东县[Tai2 dong1 Xian4], southeast Taiwan",436,hermitdave-frequencywords-zh_cn-50k,cc-cedict
zh,奇怪,qi2 guai4,strange,437,hermitdave-frequencywords-zh_cn-50k,cc-cedict
zh,虽然,sui1 ran2,although; even though,438,hermitdave-frequencywords-zh_cn-50k,cc-cedict
zh,忘,wang4,forget,439,hermitdave-frequencywords-zh_cn-50k,cc-cedict
zh,太好了,tai4 hao3 le5,very good,440,hermitdave-frequencywords-zh_cn-50k,cc-cedict
zh,身上,shen1 shang5,on the body,441,hermitdave-frequencywords-zh_cn-50k,cc-cedict
zh,或许,huo4 xu3,perhaps; maybe,442,hermitdave-frequencywords-zh_cn-50k,cc-cedict
zh,讲,jiang3,speak,443,hermitdave-frequencywords-zh_cn-50k,cc-cedict
zh,岁,sui4,"variant of 歲|岁[sui4], year",444,hermitdave-frequencywords-zh_cn-50k,cc-cedict
zh,保证,bao3 zheng4,guarantee,445,hermitdave-frequencywords-zh_cn-50k,cc-cedict
zh,外面,wai4 mian4,outside,446,hermitdave-frequencywords-zh_cn-50k,cc-cedict
zh,丈夫,zhang4 fu5,husband,447,hermitdave-frequencywords-zh_cn-50k,cc-cedict
zh,连,Lian2,surname Lian,448,hermitdave-frequencywords-zh_cn-50k,cc-cedict
zh,国家,guo2 jia1,country; nation; state,449,hermitdave-frequencywords-zh_cn-50k,cc-cedict
zh,整个,zheng3 ge4,whole,450,hermitdave-frequencywords-zh_cn-50k,cc-cedict
zh,特别,te4 bie2,unusual; special,451,hermitdave-frequencywords-zh_cn-50k,cc-cedict
zh,那种,na4 zhong3,that kind of,452,hermitdave-frequencywords-zh_cn-50k,cc-cedict
zh,不同,bu4 tong2,different,453,hermitdave-frequencywords-zh_cn-50k,cc-cedict
zh,著,zhu4,make known,454,hermitdave-frequencywords-zh_cn-50k,cc-cedict
zh,变成,bian4 cheng2,change into,455,hermitdave-frequencywords-zh_cn-50k,cc-cedict
zh,够,gou4,enough,456,hermitdave-frequencywords-zh_cn-50k,cc-cedict
zh,难道,nan2 dao4,don't tell me ...,457,hermitdave-frequencywords-zh_cn-50k,cc-cedict
zh,学校,xue2 xiao4,school,458,hermitdave-frequencywords-zh_cn-50k,cc-cedict
zh,样子,yang4 zi5,appearance,459,hermitdave-frequencywords-zh_cn-50k,cc-cedict
zh,倒,dao3,fall; to collapse; to lie horizontally,460,hermitdave-frequencywords-zh_cn-50k,cc-cedict
zh,电影,dian4 ying3,movie; film,461,hermitdave-frequencywords-zh_cn-50k,cc-cedict
zh,谈谈,tan2 tan2,discuss; to have a chat,462,hermitdave-frequencywords-zh_cn-50k,cc-cedict
zh,危险,wei1 xian3,danger,463,hermitdave-frequencywords-zh_cn-50k,cc-cedict
zh,开心,kai1 xin1,feel happy,464,hermitdave-frequencywords-zh_cn-50k,cc-cedict
zh,别的,bie2 de5,else,465,hermitdave-frequencywords-zh_cn-50k,cc-cedict
zh,才能,cai2 neng2,talent,466,hermitdave-frequencywords-zh_cn-50k,cc-cedict
zh,闭嘴,bi4 zui3,Shut up!,467,hermitdave-frequencywords-zh_cn-50k,cc-cedict
zh,正,zheng1,first month of the lunar year,468,hermitdave-frequencywords-zh_cn-50k,cc-cedict
zh,进行,jin4 xing2,to proceed; to be in progress; to be underway,469,hermitdave-frequencywords-zh_cn-50k,cc-cedict
zh,照片,zhao4 pian4,photograph,470,hermitdave-frequencywords-zh_cn-50k,cc-cedict
zh,刚刚,gang1 gang5,just recently,471,hermitdave-frequencywords-zh_cn-50k,cc-cedict
zh,而已,er2 yi3,that's all,472,hermitdave-frequencywords-zh_cn-50k,cc-cedict
zh,完成,wan2 cheng2,complete; to accomplish,473,hermitdave-frequencywords-zh_cn-50k,cc-cedict
zh,方式,fang1 shi4,way; method; manner; mode; pattern,474,hermitdave-frequencywords-zh_cn-50k,cc-cedict
zh,做到,zuo4 dao4,accomplish,475,hermitdave-frequencywords-zh_cn-50k,cc-cedict
zh,爸,ba4,father,476,hermitdave-frequencywords-zh_cn-50k,cc-cedict
zh,声音,sheng1 yin1,voice,477,hermitdave-frequencywords-zh_cn-50k,cc-cedict
zh,第一次,di4 yi1 ci4,the first time; for the first time,478,hermitdave-frequencywords-zh_cn-50k,cc-cedict
zh,看来,kan4 lai5,apparently,479,hermitdave-frequencywords-zh_cn-50k,cc-cedict
zh,只能,zhi3 neng2,can only,480,hermitdave-frequencywords-zh_cn-50k,cc-cedict
zh,太太,tai4 tai5,married woman,481,hermitdave-frequencywords-zh_cn-50k,cc-cedict
zh,下去,xia4 qu4,go down,482,hermitdave-frequencywords-zh_cn-50k,cc-cedict
zh,绝对,jue2 dui4,absolute; unconditional,483,hermitdave-frequencywords-zh_cn-50k,cc-cedict
zh,处理,chu3 li3,handle; to deal with,484,hermitdave-frequencywords-zh_cn-50k,cc-cedict
zh,欢迎,huan1 ying2,welcome,485,hermitdave-frequencywords-zh_cn-50k,cc-cedict
zh,眼睛,yan3 jing5,eye,486,hermitdave-frequencywords-zh_cn-50k,cc-cedict
zh,通过,tong1 guo4,pass through; to get through,487,hermitdave-frequencywords-zh_cn-50k,cc-cedict
zh,行动,xing2 dong4,operation,488,hermitdave-frequencywords-zh_cn-50k,cc-cedict
zh,啥,sha2,dialectal equivalent of 什麼|什么[shen2 me5],489,hermitdave-frequencywords-zh_cn-50k,cc-cedict
zh,感到,gan3 dao4,feel; to sense; to perceive,490,hermitdave-frequencywords-zh_cn-50k,cc-cedict
zh,最近,zui4 jin4,recently,491,hermitdave-frequencywords-zh_cn-50k,cc-cedict
zh,各位,ge4 wei4,everybody,492,hermitdave-frequencywords-zh_cn-50k,cc-cedict
zh,这边,zhe4 bian1,this side,493,hermitdave-frequencywords-zh_cn-50k,cc-cedict
zh,待,dai1,stay; to remain,494,hermitdave-frequencywords-zh_cn-50k,cc-cedict
zh,掉,diao4,fall,495,hermitdave-frequencywords-zh_cn-50k,cc-cedict
zh,不好意思,bu4 hao3 yi4 si5,feel embarrassed,496,hermitdave-frequencywords-zh_cn-50k,cc-cedict
zh,猜,cai1,guess,497,hermitdave-frequencywords-zh_cn-50k,cc-cedict
zh,使,shi3,make,498,hermitdave-frequencywords-zh_cn-50k,cc-cedict
zh,作为,zuo4 wei2,one's conduct,499,hermitdave-frequencywords-zh_cn-50k,cc-cedict
zh,于,Yu2,surname Yu,500,hermitdave-frequencywords-zh_cn-50k,cc-cedict
zh,狗,gou3,dog,501,hermitdave-frequencywords-zh_cn-50k,cc-cedict
zh,容易,rong2 yi4,easy; straightforward,502,hermitdave-frequencywords-zh_cn-50k,cc-cedict
zh,直到,zhi2 dao4,until,503,hermitdave-frequencywords-zh_cn-50k,cc-cedict
zh,求,qiu2,seek,504,hermitdave-frequencywords-zh_cn-50k,cc-cedict
zh,比赛,bi3 sai4,competition,505,hermitdave-frequencywords-zh_cn-50k,cc-cedict
zh,麽,mo2,tiny,506,hermitdave-frequencywords-zh_cn-50k,cc-cedict
zh,拉,la1,pull,507,hermitdave-frequencywords-zh_cn-50k,cc-cedict
zh,拍,pai1,pat,508,hermitdave-frequencywords-zh_cn-50k,cc-cedict
zh,曾,Zeng1,surname Zeng,509,hermitdave-frequencywords-zh_cn-50k,cc-cedict
zh,有趣,you3 qu4,interesting; fascinating; amusing,510,hermitdave-frequencywords-zh_cn-50k,cc-cedict
zh,就算,jiu4 suan4,even if,511,hermitdave-frequencywords-zh_cn-50k,cc-cedict
zh,活着,huo2 zhe5,alive,512,hermitdave-frequencywords-zh_cn-50k,cc-cedict
zh,努力,nu3 li4,make an effort; to try hard; to strive,513,hermitdave-frequencywords-zh_cn-50k,cc-cedict
zh,帮忙,bang1 mang2,help,514,hermitdave-frequencywords-zh_cn-50k,cc-cedict
zh,留下,liu2 xia4,leave behind,515,hermitdave-frequencywords-zh_cn-50k,cc-cedict
zh,同意,tong2 yi4,agree,516,hermitdave-frequencywords-zh_cn-50k,cc-cedict
zh,参加,can1 jia1,participate,517,hermitdave-frequencywords-zh_cn-50k,cc-cedict
zh,赢,ying2,beat,518,hermitdave-frequencywords-zh_cn-50k,cc-cedict
zh,死亡,si3 wang2,die,519,hermitdave-frequencywords-zh_cn-50k,cc-cedict
zh,每,mei3,each,520,hermitdave-frequencywords-zh_cn-50k,cc-cedict
zh,上面,shang4 mian4,on top of,521,hermitdave-frequencywords-zh_cn-50k,cc-cedict
zh,结果,jie1 guo3,bear fruit,522,hermitdave-frequencywords-zh_cn-50k,cc-cedict
zh,消息,xiao1 xi5,news; information,523,hermitdave-frequencywords-zh_cn-50k,cc-cedict
zh,要求,yao1 qiu2,request,524,hermitdave-frequencywords-zh_cn-50k,cc-cedict
zh,理解,li3 jie3,comprehend; to understand,525,hermitdave-frequencywords-zh_cn-50k,cc-cedict
zh,曾经,ceng2 jing1,once,526,hermitdave-frequencywords-zh_cn-50k,cc-cedict
zh,打开,da3 kai1,open,527,hermitdave-frequencywords-zh_cn-50k,cc-cedict
zh,收到,shou1 dao4,receive,528,hermitdave-frequencywords-zh_cn-50k,cc-cedict
zh,照顾,zhao4 gu5,take care of,529,hermitdave-frequencywords-zh_cn-50k,cc-cedict
zh,人类,ren2 lei4,humanity,530,hermitdave-frequencywords-zh_cn-50k,cc-cedict
zh,主意,zhu3 yi5,plan,531,hermitdave-frequencywords-zh_cn-50k,cc-cedict
zh,保持,bao3 chi2,keep,532,hermitdave-frequencywords-zh_cn-50k,cc-cedict
zh,成,Cheng2,surname Cheng,533,hermitdave-frequencywords-zh_cn-50k,cc-cedict
zh,杰克,Jie2 ke4,Jack,534,hermitdave-frequencywords-zh_cn-50k,cc-cedict
zh,存在,cun2 zai4,exist,535,hermitdave-frequencywords-zh_cn-50k,cc-cedict
zh,进,jin4,go forward,536,hermitdave-frequencywords-zh_cn-50k,cc-cedict
zh,高,Gao1,surname Gao,537,hermitdave-frequencywords-zh_cn-50k,cc-cedict
zh,晚安,wan3 an1,Good night!,538,hermitdave-frequencywords-zh_cn-50k,cc-cedict
zh,确实,que4 shi2,indeed,539,hermitdave-frequencywords-zh_cn-50k,cc-cedict
zh,全部,quan2 bu4,whole; all,540,hermitdave-frequencywords-zh_cn-50k,cc-cedict
zh,靠,kao4,lean against or on,541,hermitdave-frequencywords-zh_cn-50k,cc-cedict
zh,呆,dai1,foolish; stupid,542,hermitdave-frequencywords-zh_cn-50k,cc-cedict
zh,起,qi3,rise,543,hermitdave-frequencywords-zh_cn-50k,cc-cedict
zh,讨厌,tao3 yan4,dislike,544,hermitdave-frequencywords-zh_cn-50k,cc-cedict
zh,俩,lia3,two,545,hermitdave-frequencywords-zh_cn-50k,cc-cedict
zh,突然,tu1 ran2,sudden; abrupt; unexpected,546,hermitdave-frequencywords-zh_cn-50k,cc-cedict
zh,多久,duo1 jiu3,how long?,547,hermitdave-frequencywords-zh_cn-50k,cc-cedict
zh,老婆,lao3 po2,wife,548,hermitdave-frequencywords-zh_cn-50k,cc-cedict
zh,不再,bu4 zai4,no more; no longer,549,hermitdave-frequencywords-zh_cn-50k,cc-cedict
zh,开玩笑,kai1 wan2 xiao4,play a joke; to make fun of; to joke,550,hermitdave-frequencywords-zh_cn-50k,cc-cedict
zh,进入,jin4 ru4,enter,551,hermitdave-frequencywords-zh_cn-50k,cc-cedict
zh,父母,fu4 mu3,father and mother; parents,552,hermitdave-frequencywords-zh_cn-50k,cc-cedict
zh,总统,zong3 tong3,president,553,hermitdave-frequencywords-zh_cn-50k,cc-cedict
zh,伤害,shang1 hai4,injure; to harm,554,hermitdave-frequencywords-zh_cn-50k,cc-cedict
zh,回答,hui2 da2,reply; to answer,555,hermitdave-frequencywords-zh_cn-50k,cc-cedict
zh,所有人,suo3 you3 ren2,everyone,556,hermitdave-frequencywords-zh_cn-50k,cc-cedict
zh,老师,lao3 shi1,teacher,557,hermitdave-frequencywords-zh_cn-50k,cc-cedict
zh,早,zao3,early,558,hermitdave-frequencywords-zh_cn-50k,cc-cedict
zh,除了,chu2 le5,apart from; besides; in addition to,559,hermitdave-frequencywords-zh_cn-50k,cc-cedict
zh,派,pa1,used in 派司[pa1 si5],560,hermitdave-frequencywords-zh_cn-50k,cc-cedict
zh,咱们,zan2 men5,we or us spoken to),561,hermitdave-frequencywords-zh_cn-50k,cc-cedict
zh,自由,zi4 you2,freedom; liberty,562,hermitdave-frequencywords-zh_cn-50k,cc-cedict
zh,可爱,ke3 ai4,adorable,563,hermitdave-frequencywords-zh_cn-50k,cc-cedict
zh,日,Ri4,"abbr. for 日本[Ri4 ben3], Japan",564,hermitdave-frequencywords-zh_cn-50k,cc-cedict
zh,抓住,zhua1 zhu4,grab hold of; to capture,565,hermitdave-frequencywords-zh_cn-50k,cc-cedict
zh,路,Lu4,surname Lu,566,hermitdave-frequencywords-zh_cn-50k,cc-cedict
zh,谈,Tan2,surname Tan,567,hermitdave-frequencywords-zh_cn-50k,cc-cedict
zh,简单,jian3 dan1,simple; not complicated,568,hermitdave-frequencywords-zh_cn-50k,cc-cedict
zh,身体,shen1 ti3,the body,569,hermitdave-frequencywords-zh_cn-50k,cc-cedict
zh,想法,xiang3 fa3,way of thinking; opinion; notion,570,hermitdave-frequencywords-zh_cn-50k,cc-cedict
zh,早上,zao3 shang5,early morning,571,hermitdave-frequencywords-zh_cn-50k,cc-cedict
zh,能够,neng2 gou4,be capable of,572,hermitdave-frequencywords-zh_cn-50k,cc-cedict
zh,昨晚,zuo2 wan3,yesterday evening,573,hermitdave-frequencywords-zh_cn-50k,cc-cedict
zh,哥哥,ge1 ge5,older brother,574,hermitdave-frequencywords-zh_cn-50k,cc-cedict
zh,跳,tiao4,jump,575,hermitdave-frequencywords-zh_cn-50k,cc-cedict
zh,秘密,mi4 mi4,secret; private; confidential; clandestine,576,hermitdave-frequencywords-zh_cn-50k,cc-cedict
zh,休息,xiu1 xi5,rest,577,hermitdave-frequencywords-zh_cn-50k,cc-cedict
zh,战争,zhan4 zheng1,war; conflict,578,hermitdave-frequencywords-zh_cn-50k,cc-cedict
zh,其中,qi2 zhong1,among,579,hermitdave-frequencywords-zh_cn-50k,cc-cedict
zh,内,nei4,inside,580,hermitdave-frequencywords-zh_cn-50k,cc-cedict
zh,医院,yi1 yuan4,hospital,581,hermitdave-frequencywords-zh_cn-50k,cc-cedict
zh,每天,mei3 tian1,every day,582,hermitdave-frequencywords-zh_cn-50k,cc-cedict
zh,之间,zhi1 jian1,between; among; amid,583,hermitdave-frequencywords-zh_cn-50k,cc-cedict
zh,大概,da4 gai4,roughly,584,hermitdave-frequencywords-zh_cn-50k,cc-cedict
zh,控制,kong4 zhi4,control,585,hermitdave-frequencywords-zh_cn-50k,cc-cedict
zh,刚,gang1,hard,586,hermitdave-frequencywords-zh_cn-50k,cc-cedict
zh,小孩,xiao3 hai2,child,587,hermitdave-frequencywords-zh_cn-50k,cc-cedict
zh,带来,dai4 lai2,bring,588,hermitdave-frequencywords-zh_cn-50k,cc-cedict
zh,停止,ting2 zhi3,stop; to halt; to cease,589,hermitdave-frequencywords-zh_cn-50k,cc-cedict
zh,因此,yin1 ci3,thus; consequently; as a result,590,hermitdave-frequencywords-zh_cn-50k,cc-cedict
zh,花,Hua1,surname Hua,591,hermitdave-frequencywords-zh_cn-50k,cc-cedict
zh,证明,zheng4 ming2,proof,592,hermitdave-frequencywords-zh_cn-50k,cc-cedict
zh,约翰,Yue1 han4,John,593,hermitdave-frequencywords-zh_cn-50k,cc-cedict
zh,飞机,fei1 ji1,airplane,594,hermitdave-frequencywords-zh_cn-50k,cc-cedict
zh,替,ti4,substitute for,595,hermitdave-frequencywords-zh_cn-50k,cc-cedict
zh,解释,jie3 shi4,explanation,596,hermitdave-frequencywords-zh_cn-50k,cc-cedict
zh,律师,lu:4 shi1,lawyer,597,hermitdave-frequencywords-zh_cn-50k,cc-cedict
zh,终于,zhong1 yu2,at last,598,hermitdave-frequencywords-zh_cn-50k,cc-cedict
zh,耶,ye2,interrogative particle,599,hermitdave-frequencywords-zh_cn-50k,cc-cedict
zh,翻译,fan1 yi4,translate,600,hermitdave-frequencywords-zh_cn-50k,cc-cedict
zh,调查,diao4 cha2,investigation,601,hermitdave-frequencywords-zh_cn-50k,cc-cedict
zh,为何,wei4 he2,why,602,hermitdave-frequencywords-zh_cn-50k,cc-cedict
zh,糟糕,zao1 gao1,too bad,603,hermitdave-frequencywords-zh_cn-50k,cc-cedict
zh,任务,ren4 wu5,mission; assignment; task; duty; role,604,hermitdave-frequencywords-zh_cn-50k,cc-cedict
zh,武器,wu3 qi4,weapon,605,hermitdave-frequencywords-zh_cn-50k,cc-cedict
zh,家里,jia1 li3,home,606,hermitdave-frequencywords-zh_cn-50k,cc-cedict
zh,头,tou2,head,607,hermitdave-frequencywords-zh_cn-50k,cc-cedict
zh,来自,lai2 zi4,come from,608,hermitdave-frequencywords-zh_cn-50k,cc-cedict
zh,后面,hou4 mian5,the back; the rear; the last bit,609,hermitdave-frequencywords-zh_cn-50k,cc-cedict
zh,小子,xiao3 zi3,youngster,610,hermitdave-frequencywords-zh_cn-50k,cc-cedict
zh,来到,lai2 dao4,arrive; to come,611,hermitdave-frequencywords-zh_cn-50k,cc-cedict
zh,解决,jie3 jue2,solve; to resolve; to settle,612,hermitdave-frequencywords-zh_cn-50k,cc-cedict
zh,家人,jia1 ren2,family member,613,hermitdave-frequencywords-zh_cn-50k,cc-cedict
zh,坐下,zuo4 xia5,sit down,614,hermitdave-frequencywords-zh_cn-50k,cc-cedict
zh,怕,Pa4,surname Pa,615,hermitdave-frequencywords-zh_cn-50k,cc-cedict
zh,直接,zhi2 jie1,direct,616,hermitdave-frequencywords-zh_cn-50k,cc-cedict
zh,办公室,ban4 gong1 shi4,office; business premises,617,hermitdave-frequencywords-zh_cn-50k,cc-cedict
zh,停,ting2,stop,618,hermitdave-frequencywords-zh_cn-50k,cc-cedict
zh,放弃,fang4 qi4,renounce; to abandon; to give up,619,hermitdave-frequencywords-zh_cn-50k,cc-cedict
zh,鬼,gui3,disembodied spirit; ghost; devil,620,hermitdave-frequencywords-zh_cn-50k,cc-cedict
zh,加油,jia1 you2,add oil; to top up with gas; to refuel,621,hermitdave-frequencywords-zh_cn-50k,cc-cedict
zh,方法,fang1 fa3,method; way; technique; procedure,622,hermitdave-frequencywords-zh_cn-50k,cc-cedict
zh,游戏,you2 xi4,game,623,hermitdave-frequencywords-zh_cn-50k,cc-cedict
zh,即使,ji2 shi3,even if; even though,624,hermitdave-frequencywords-zh_cn-50k,cc-cedict
zh,本,ben3,root; stem,625,hermitdave-frequencywords-zh_cn-50k,cc-cedict
zh,年轻,nian2 qing1,young,626,hermitdave-frequencywords-zh_cn-50k,cc-cedict
zh,大人,da4 ren5,adult,627,hermitdave-frequencywords-zh_cn-50k,cc-cedict
zh,使用,shi3 yong4,use,628,hermitdave-frequencywords-zh_cn-50k,cc-cedict
zh,卖,mai4,sell,629,hermitdave-frequencywords-zh_cn-50k,cc-cedict
zh,老板,lao3 ban3,variant of 老闆|老板[lao3 ban3],630,hermitdave-frequencywords-zh_cn-50k,cc-cedict
zh,水,Shui3,surname Shui,631,hermitdave-frequencywords-zh_cn-50k,cc-cedict
zh,目标,mu4 biao1,target,632,hermitdave-frequencywords-zh_cn-50k,cc-cedict
zh,变得,bian4 de5,become,633,hermitdave-frequencywords-zh_cn-50k,cc-cedict
zh,可怕,ke3 pa4,awful,634,hermitdave-frequencywords-zh_cn-50k,cc-cedict
zh,拿到,na2 dao4,get,635,hermitdave-frequencywords-zh_cn-50k,cc-cedict
zh,考虑,kao3 lu:4,think over,636,hermitdave-frequencywords-zh_cn-50k,cc-cedict
zh,个人,ge4 ren2,individual,637,hermitdave-frequencywords-zh_cn-50k,cc-cedict
zh,开枪,kai1 qiang1,open fire,638,hermitdave-frequencywords-zh_cn-50k,cc-cedict
zh,哭,ku1,cry; to weep,639,hermitdave-frequencywords-zh_cn-50k,cc-cedict
zh,睡觉,shui4 jiao4,go to bed,640,hermitdave-frequencywords-zh_cn-50k,cc-cedict
zh,分钟,fen1 zhong1,minute,641,hermitdave-frequencywords-zh_cn-50k,cc-cedict
zh,想到,xiang3 dao4,think of,642,hermitdave-frequencywords-zh_cn-50k,cc-cedict
zh,等待,deng3 dai4,wait; to wait for,643,hermitdave-frequencywords-zh_cn-50k,cc-cedict
zh,音乐,yin1 yue4,music,644,hermitdave-frequencywords-zh_cn-50k,cc-cedict
zh,再说,zai4 shuo1,say again,645,hermitdave-frequencywords-zh_cn-50k,cc-cedict
zh,聪明,cong1 ming5,intelligent; clever; bright,646,hermitdave-frequencywords-zh_cn-50k,cc-cedict
zh,姑娘,gu1 niang5,girl,647,hermitdave-frequencywords-zh_cn-50k,cc-cedict
zh,地球,di4 qiu2,the earth,648,hermitdave-frequencywords-zh_cn-50k,cc-cedict
zh,感谢,gan3 xie4,thanks,649,hermitdave-frequencywords-zh_cn-50k,cc-cedict
zh,命令,ming4 ling4,order,650,hermitdave-frequencywords-zh_cn-50k,cc-cedict
zh,阻止,zu3 zhi3,prevent,651,hermitdave-frequencywords-zh_cn-50k,cc-cedict
zh,消失,xiao1 shi1,disappear; to fade away,652,hermitdave-frequencywords-zh_cn-50k,cc-cedict
zh,心,xin1,heart,653,hermitdave-frequencywords-zh_cn-50k,cc-cedict
zh,冷静,leng3 jing4,calm; cool-headed; dispassionate,654,hermitdave-frequencywords-zh_cn-50k,cc-cedict
zh,似乎,si4 hu1,it seems; seemingly; as if,655,hermitdave-frequencywords-zh_cn-50k,cc-cedict
zh,联系,lian2 xi4,variant of 聯繫|联系[lian2 xi4],656,hermitdave-frequencywords-zh_cn-50k,cc-cedict
zh,家庭,jia1 ting2,family; household,657,hermitdave-frequencywords-zh_cn-50k,cc-cedict
zh,痛苦,tong4 ku3,pain,658,hermitdave-frequencywords-zh_cn-50k,cc-cedict
zh,城市,cheng2 shi4,city; town,659,hermitdave-frequencywords-zh_cn-50k,cc-cedict
zh,力量,li4 liang5,power; force; strength,660,hermitdave-frequencywords-zh_cn-50k,cc-cedict
zh,对于,dui4 yu2,regarding; as far as is concerned; with regard to,661,hermitdave-frequencywords-zh_cn-50k,cc-cedict
zh,未来,wei4 lai2,future,662,hermitdave-frequencywords-zh_cn-50k,cc-cedict
zh,男孩,nan2 hai2,boy,663,hermitdave-frequencywords-zh_cn-50k,cc-cedict
zh,三,San1,surname San,664,hermitdave-frequencywords-zh_cn-50k,cc-cedict
zh,博士,bo2 shi4,doctor,665,hermitdave-frequencywords-zh_cn-50k,cc-cedict
zh,姐姐,jie3 jie5,older sister,666,hermitdave-frequencywords-zh_cn-50k,cc-cedict
zh,疯狂,feng1 kuang2,crazy; frenzied; wild,667,hermitdave-frequencywords-zh_cn-50k,cc-cedict
zh,报告,bao4 gao4,inform,668,hermitdave-frequencywords-zh_cn-50k,cc-cedict
zh,放下,fang4 xia4,lay down; to put down,669,hermitdave-frequencywords-zh_cn-50k,cc-cedict
zh,昨天,zuo2 tian1,yesterday,670,hermitdave-frequencywords-zh_cn-50k,cc-cedict
zh,那天,na4 tian1,that day,671,hermitdave-frequencywords-zh_cn-50k,cc-cedict
zh,完美,wan2 mei3,perfect,672,hermitdave-frequencywords-zh_cn-50k,cc-cedict
zh,答应,da1 ying5,answer; to respond,673,hermitdave-frequencywords-zh_cn-50k,cc-cedict
zh,证据,zheng4 ju4,evidence,674,hermitdave-frequencywords-zh_cn-50k,cc-cedict
zh,本来,ben3 lai2,original,675,hermitdave-frequencywords-zh_cn-50k,cc-cedict
zh,负责,fu4 ze2,be responsible for; to be in charge of; to bear responsibility for,676,hermitdave-frequencywords-zh_cn-50k,cc-cedict
zh,检查,jian3 cha2,inspection,677,hermitdave-frequencywords-zh_cn-50k,cc-cedict
zh,厉害,li4 hai5,terrible; intense; severe; devastating; amazing; awesome; outstanding,678,hermitdave-frequencywords-zh_cn-50k,cc-cedict
zh,拥有,yong1 you3,have; to possess,679,hermitdave-frequencywords-zh_cn-50k,cc-cedict
zh,正常,zheng4 chang2,regular,680,hermitdave-frequencywords-zh_cn-50k,cc-cedict
zh,并且,bing4 qie3,and; besides; moreover; furthermore; in addition,681,hermitdave-frequencywords-zh_cn-50k,cc-cedict
zh,否则,fou3 ze2,otherwise; if not; or,682,hermitdave-frequencywords-zh_cn-50k,cc-cedict
zh,以及,yi3 ji2,and; as well as,683,hermitdave-frequencywords-zh_cn-50k,cc-cedict
zh,重新,chong2 xin1,again; once more; re-,684,hermitdave-frequencywords-zh_cn-50k,cc-cedict
zh,忘记,wang4 ji4,forget,685,hermitdave-frequencywords-zh_cn-50k,cc-cedict
zh,这位,zhe4 wei4,this,686,hermitdave-frequencywords-zh_cn-50k,cc-cedict
zh,研究,yan2 jiu1,research,687,hermitdave-frequencywords-zh_cn-50k,cc-cedict
zh,附近,fu4 jin4,nearby; neighboring,688,hermitdave-frequencywords-zh_cn-50k,cc-cedict
zh,不然,bu4 ran2,not so,689,hermitdave-frequencywords-zh_cn-50k,cc-cedict
zh,方正,Fang1 zheng4,see 方正縣|方正县[Fang1 zheng4 Xian4],690,hermitdave-frequencywords-zh_cn-50k,cc-cedict
zh,字幕,zi4 mu4,subtitles; captions,691,hermitdave-frequencywords-zh_cn-50k,cc-cedict
zh,脸,lian3,face,692,hermitdave-frequencywords-zh_cn-50k,cc-cedict
zh,者,zhe3,one who ...,693,hermitdave-frequencywords-zh_cn-50k,cc-cedict
zh,加入,jia1 ru4,become a member,694,hermitdave-frequencywords-zh_cn-50k,cc-cedict
zh,於,Yu1,surname Yu,695,hermitdave-frequencywords-zh_cn-50k,cc-cedict
zh,唱,chang4,sing,696,hermitdave-frequencywords-zh_cn-50k,cc-cedict
zh,反正,fan3 zheng4,anyway,697,hermitdave-frequencywords-zh_cn-50k,cc-cedict
zh,不该,bu4 gai1,should not,698,hermitdave-frequencywords-zh_cn-50k,cc-cedict
zh,政府,zheng4 fu3,government,699,hermitdave-frequencywords-zh_cn-50k,cc-cedict
zh,快乐,kuai4 le4,happy; joyful,700,hermitdave-frequencywords-zh_cn-50k,cc-cedict
zh,身边,shen1 bian1,at one's side,701,hermitdave-frequencywords-zh_cn-50k,cc-cedict
zh,遇到,yu4 dao4,meet; to run into; to come across,702,hermitdave-frequencywords-zh_cn-50k,cc-cedict
zh,伟大,wei3 da4,huge; great; grand; worthy of the greatest admiration; important,703,hermitdave-frequencywords-zh_cn-50k,cc-cedict
zh,咖啡,ka1 fei1,coffee,704,hermitdave-frequencywords-zh_cn-50k,cc-cedict
zh,接,jie1,receive,705,hermitdave-frequencywords-zh_cn-50k,cc-cedict
zh,仍然,reng2 ran2,still; as before; yet,706,hermitdave-frequencywords-zh_cn-50k,cc-cedict
zh,门,Men2,surname Men,707,hermitdave-frequencywords-zh_cn-50k,cc-cedict
zh,开车,kai1 che1,drive a car,708,hermitdave-frequencywords-zh_cn-50k,cc-cedict
zh,代表,dai4 biao3,representative,709,hermitdave-frequencywords-zh_cn-50k,cc-cedict
zh,陪,pei2,accompany,710,hermitdave-frequencywords-zh_cn-50k,cc-cedict
zh,若,re3,used in 般若[bo1 re3],711,hermitdave-frequencywords-zh_cn-50k,cc-cedict
zh,尸体,shi1 ti3,corpse; dead body,712,hermitdave-frequencywords-zh_cn-50k,cc-cedict
zh,比较,bi3 jiao4,compare,713,hermitdave-frequencywords-zh_cn-50k,cc-cedict
zh,紧张,jin3 zhang1,nervous,714,hermitdave-frequencywords-zh_cn-50k,cc-cedict
zh,监狱,jian1 yu4,prison,715,hermitdave-frequencywords-zh_cn-50k,cc-cedict
zh,位置,wei4 zhi5,position,716,hermitdave-frequencywords-zh_cn-50k,cc-cedict
zh,随便,sui2 bian4,as one wishes,717,hermitdave-frequencywords-zh_cn-50k,cc-cedict
zh,偷,tou1,steal,718,hermitdave-frequencywords-zh_cn-50k,cc-cedict
zh,安排,an1 pai2,arrange,719,hermitdave-frequencywords-zh_cn-50k,cc-cedict
zh,表演,biao3 yan3,play,720,hermitdave-frequencywords-zh_cn-50k,cc-cedict
zh,从没,cong2 mei2,never,721,hermitdave-frequencywords-zh_cn-50k,cc-cedict
zh,除非,chu2 fei1,only if,722,hermitdave-frequencywords-zh_cn-50k,cc-cedict
zh,屁股,pi4 gu5,buttocks,723,hermitdave-frequencywords-zh_cn-50k,cc-cedict
zh,酒,jiu3,wine,724,hermitdave-frequencywords-zh_cn-50k,cc-cedict
zh,恩,en1,variant of 恩[en1],725,hermitdave-frequencywords-zh_cn-50k,cc-cedict
zh,老兄,lao3 xiong1,elder brother,726,hermitdave-frequencywords-zh_cn-50k,cc-cedict
zh,支持,zhi1 chi2,be in favor of,727,hermitdave-frequencywords-zh_cn-50k,cc-cedict
zh,必要,bi4 yao4,necessary,728,hermitdave-frequencywords-zh_cn-50k,cc-cedict
zh,人生,ren2 sheng1,life,729,hermitdave-frequencywords-zh_cn-50k,cc-cedict
zh,正确,zheng4 que4,correct; sound; right; proper,730,hermitdave-frequencywords-zh_cn-50k,cc-cedict
zh,跟着,gen1 zhe5,follow after,731,hermitdave-frequencywords-zh_cn-50k,cc-cedict
zh,杀死,sha1 si3,kill,732,hermitdave-frequencywords-zh_cn-50k,cc-cedict
zh,交给,jiao1 gei3,give; to deliver; to hand over,733,hermitdave-frequencywords-zh_cn-50k,cc-cedict
zh,叔叔,shu1 shu5,father's younger brother; paternal uncle,734,hermitdave-frequencywords-zh_cn-50k,cc-cedict
zh,食物,shi2 wu4,food,735,hermitdave-frequencywords-zh_cn-50k,cc-cedict
zh,事实,shi4 shi2,fact,736,hermitdave-frequencywords-zh_cn-50k,cc-cedict
zh,简直,jian3 zhi2,simply; really,737,hermitdave-frequencywords-zh_cn-50k,cc-cedict
zh,安静,an1 jing4,quiet,738,hermitdave-frequencywords-zh_cn-50k,cc-cedict
zh,离,chi1,mythical beast,739,hermitdave-frequencywords-zh_cn-50k,cc-cedict
zh,妹妹,mei4 mei5,younger sister,740,hermitdave-frequencywords-zh_cn-50k,cc-cedict
zh,斯,Si1,Slovakia,741,hermitdave-frequencywords-zh_cn-50k,cc-cedict
zh,美丽,mei3 li4,beautiful,742,hermitdave-frequencywords-zh_cn-50k,cc-cedict
zh,再次,zai4 ci4,once more; once again,743,hermitdave-frequencywords-zh_cn-50k,cc-cedict
zh,案子,an4 zi5,long table; counter,744,hermitdave-frequencywords-zh_cn-50k,cc-cedict
zh,下面,xia4 mian4,below,745,hermitdave-frequencywords-zh_cn-50k,cc-cedict
zh,不够,bu4 gou4,not enough,746,hermitdave-frequencywords-zh_cn-50k,cc-cedict
zh,哈,Ha1,"abbr. for 哈薩克斯坦|哈萨克斯坦[Ha1 sa4 ke4 si1 tan3], Kazakhstan",747,hermitdave-frequencywords-zh_cn-50k,cc-cedict
zh,可怜,ke3 lian2,pitiful,748,hermitdave-frequencywords-zh_cn-50k,cc-cedict
zh,教,Jiao4,surname Jiao,749,hermitdave-frequencywords-zh_cn-50k,cc-cedict
zh,首先,shou3 xian1,first of all; in the first place,750,hermitdave-frequencywords-zh_cn-50k,cc-cedict
zh,另外,ling4 wai4,additional,751,hermitdave-frequencywords-zh_cn-50k,cc-cedict
zh,提供,ti2 gong1,offer,752,hermitdave-frequencywords-zh_cn-50k,cc-cedict
zh,记住,ji4 zhu5,remember,753,hermitdave-frequencywords-zh_cn-50k,cc-cedict
zh,听见,ting1 jian4,hear,754,hermitdave-frequencywords-zh_cn-50k,cc-cedict
zh,信,xin4,letter,755,hermitdave-frequencywords-zh_cn-50k,cc-cedict
zh,国王,guo2 wang2,king,756,hermitdave-frequencywords-zh_cn-50k,cc-cedict
zh,面前,mian4 qian2,in front of,757,hermitdave-frequencywords-zh_cn-50k,cc-cedict
zh,几乎,ji1 hu1,almost; nearly; practically,758,hermitdave-frequencywords-zh_cn-50k,cc-cedict
zh,日子,ri4 zi5,day,759,hermitdave-frequencywords-zh_cn-50k,cc-cedict
zh,舒服,shu1 fu5,comfortable,760,hermitdave-frequencywords-zh_cn-50k,cc-cedict
zh,原来,yuan2 lai2,original; former,761,hermitdave-frequencywords-zh_cn-50k,cc-cedict
zh,再也,zai4 ye3,ever again; any longer,762,hermitdave-frequencywords-zh_cn-50k,cc-cedict
zh,操,cao1,old variant of 操[cao1],763,hermitdave-frequencywords-zh_cn-50k,cc-cedict
zh,纽约,Niu3 yue1,New York,764,hermitdave-frequencywords-zh_cn-50k,cc-cedict
zh,早就,zao3 jiu4,already at an earlier time,765,hermitdave-frequencywords-zh_cn-50k,cc-cedict
zh,逼,bi1,variant of 逼[bi1],766,hermitdave-frequencywords-zh_cn-50k,cc-cedict
zh,有关,you3 guan1,have sth to do with,767,hermitdave-frequencywords-zh_cn-50k,cc-cedict
zh,放开,fang4 kai1,let go,768,hermitdave-frequencywords-zh_cn-50k,cc-cedict
zh,信息,xin4 xi1,information; news; message,769,hermitdave-frequencywords-zh_cn-50k,cc-cedict
zh,星期,xing1 qi1,week,770,hermitdave-frequencywords-zh_cn-50k,cc-cedict
zh,不得不,bu4 de2 bu4,have no choice or option but to,771,hermitdave-frequencywords-zh_cn-50k,cc-cedict
zh,发誓,fa1 shi4,vow,772,hermitdave-frequencywords-zh_cn-50k,cc-cedict
zh,钥匙,yao4 shi5,key,773,hermitdave-frequencywords-zh_cn-50k,cc-cedict
zh,错误,cuo4 wu4,mistaken; false; wrong,774,hermitdave-frequencywords-zh_cn-50k,cc-cedict
zh,放松,fang4 song1,relax; to slacken; to loosen,775,hermitdave-frequencywords-zh_cn-50k,cc-cedict
zh,约会,yue1 hui4,appointment,776,hermitdave-frequencywords-zh_cn-50k,cc-cedict
zh,船,chuan2,variant of 船[chuan2],777,hermitdave-frequencywords-zh_cn-50k,cc-cedict
zh,打扰,da3 rao3,disturb,778,hermitdave-frequencywords-zh_cn-50k,cc-cedict
zh,女,nu:3,female,779,hermitdave-frequencywords-zh_cn-50k,cc-cedict
zh,手机,shou3 ji1,cell phone; mobile phone,780,hermitdave-frequencywords-zh_cn-50k,cc-cedict
zh,二,er4,two,781,hermitdave-frequencywords-zh_cn-50k,cc-cedict
zh,到处,dao4 chu4,everywhere,782,hermitdave-frequencywords-zh_cn-50k,cc-cedict
zh,攻击,gong1 ji1,attack,783,hermitdave-frequencywords-zh_cn-50k,cc-cedict
zh,第一,di4 yi1,first,784,hermitdave-frequencywords-zh_cn-50k,cc-cedict
zh,建议,jian4 yi4,propose; to suggest; to recommend,785,hermitdave-frequencywords-zh_cn-50k,cc-cedict
zh,日本,Ri4 ben3,Japan,786,hermitdave-frequencywords-zh_cn-50k,cc-cedict
zh,理由,li3 you2,reason,787,hermitdave-frequencywords-zh_cn-50k,cc-cedict
zh,事实上,shi4 shi2 shang4,in fact,788,hermitdave-frequencywords-zh_cn-50k,cc-cedict
zh,阿,a1,"prefix used before monosyllabic names, kinship terms etc to indicate familiarity",789,hermitdave-frequencywords-zh_cn-50k,cc-cedict
zh,跳舞,tiao4 wu3,dance,790,hermitdave-frequencywords-zh_cn-50k,cc-cedict
zh,生气,sheng1 qi4,get angry; to be furious,791,hermitdave-frequencywords-zh_cn-50k,cc-cedict
zh,久,jiu3,long,792,hermitdave-frequencywords-zh_cn-50k,cc-cedict
zh,信任,xin4 ren4,trust,793,hermitdave-frequencywords-zh_cn-50k,cc-cedict
zh,此,ci3,this; these,794,hermitdave-frequencywords-zh_cn-50k,cc-cedict
zh,差不多,cha4 bu5 duo1,almost,795,hermitdave-frequencywords-zh_cn-50k,cc-cedict
zh,原谅,yuan2 liang4,excuse,796,hermitdave-frequencywords-zh_cn-50k,cc-cedict
zh,神,Shen2,God,797,hermitdave-frequencywords-zh_cn-50k,cc-cedict
zh,经常,jing1 chang2,frequently; constantly; regularly; often,798,hermitdave-frequencywords-zh_cn-50k,cc-cedict
zh,的确,di2 que4,really,799,hermitdave-frequencywords-zh_cn-50k,cc-cedict
zh,之一,zhi1 yi1,one of,800,hermitdave-frequencywords-zh_cn-50k,cc-cedict
zh,幸福,xing4 fu2,happiness,801,hermitdave-frequencywords-zh_cn-50k,cc-cedict
zh,哎,ai1,hey!,802,hermitdave-frequencywords-zh_cn-50k,cc-cedict
zh,便,bian4,plain,803,hermitdave-frequencywords-zh_cn-50k,cc-cedict
zh,马,Ma3,surname Ma,804,hermitdave-frequencywords-zh_cn-50k,cc-cedict
zh,算,suan4,regard as,805,hermitdave-frequencywords-zh_cn-50k,cc-cedict
zh,吃饭,chi1 fan4,have a meal,806,hermitdave-frequencywords-zh_cn-50k,cc-cedict
zh,正是,zheng4 shi4,is precisely,807,hermitdave-frequencywords-zh_cn-50k,cc-cedict
zh,不必,bu4 bi4,need not,808,hermitdave-frequencywords-zh_cn-50k,cc-cedict
zh,幸运,xing4 yun4,fortunate; lucky,809,hermitdave-frequencywords-zh_cn-50k,cc-cedict
zh,丢,diu1,lose,810,hermitdave-frequencywords-zh_cn-50k,cc-cedict
zh,长,chang2,long,811,hermitdave-frequencywords-zh_cn-50k,cc-cedict
zh,而是,er2 shi4,rather,812,hermitdave-frequencywords-zh_cn-50k,cc-cedict
zh,住手,zhu4 shou3,desist,813,hermitdave-frequencywords-zh_cn-50k,cc-cedict
zh,动物,dong4 wu4,animal,814,hermitdave-frequencywords-zh_cn-50k,cc-cedict
zh,弟弟,di4 di5,younger brother,815,hermitdave-frequencywords-zh_cn-50k,cc-cedict
zh,道歉,dao4 qian4,apologize,816,hermitdave-frequencywords-zh_cn-50k,cc-cedict
zh,严重,yan2 zhong4,grave; serious; severe; critical,817,hermitdave-frequencywords-zh_cn-50k,cc-cedict
zh,人家,ren2 jia1,household,818,hermitdave-frequencywords-zh_cn-50k,cc-cedict
zh,坚持,jian1 chi2,persevere with,819,hermitdave-frequencywords-zh_cn-50k,cc-cedict
zh,想象,xiang3 xiang4,imagine; to envision,820,hermitdave-frequencywords-zh_cn-50k,cc-cedict
zh,按,an4,press,821,hermitdave-frequencywords-zh_cn-50k,cc-cedict
zh,礼物,li3 wu4,gift; present,822,hermitdave-frequencywords-zh_cn-50k,cc-cedict
zh,每次,mei3 ci4,every time,823,hermitdave-frequencywords-zh_cn-50k,cc-cedict
zh,将军,jiang1 jun1,general,824,hermitdave-frequencywords-zh_cn-50k,cc-cedict
zh,剩下,sheng4 xia4,remain; to be left over,825,hermitdave-frequencywords-zh_cn-50k,cc-cedict
zh,有事,you3 shi4,be occupied with sth,826,hermitdave-frequencywords-zh_cn-50k,cc-cedict
zh,老爸,lao3 ba4,father; dad,827,hermitdave-frequencywords-zh_cn-50k,cc-cedict
zh,系统,xi4 tong3,system,828,hermitdave-frequencywords-zh_cn-50k,cc-cedict
zh,全都,quan2 dou1,all,829,hermitdave-frequencywords-zh_cn-50k,cc-cedict
zh,组织,zu3 zhi1,organize,830,hermitdave-frequencywords-zh_cn-50k,cc-cedict
zh,敌人,di2 ren2,enemy,831,hermitdave-frequencywords-zh_cn-50k,cc-cedict
zh,看上去,kan4 shang5 qu5,it would appear,832,hermitdave-frequencywords-zh_cn-50k,cc-cedict
zh,老天,lao3 tian1,God,833,hermitdave-frequencywords-zh_cn-50k,cc-cedict
zh,认真,ren4 zhen1,conscientious,834,hermitdave-frequencywords-zh_cn-50k,cc-cedict
zh,分,fen1,divide; to separate,835,hermitdave-frequencywords-zh_cn-50k,cc-cedict
zh,书,Shu1,abbr. for 書經|书经[Shu1 jing1],836,hermitdave-frequencywords-zh_cn-50k,cc-cedict
zh,往,wang3,go,837,hermitdave-frequencywords-zh_cn-50k,cc-cedict
zh,关心,guan1 xin1,be concerned about; to care about,838,hermitdave-frequencywords-zh_cn-50k,cc-cedict
zh,坏,huai4,bad,839,hermitdave-frequencywords-zh_cn-50k,cc-cedict
zh,骗,pian4,cheat,840,hermitdave-frequencywords-zh_cn-50k,cc-cedict
zh,中国,Zhong1 guo2,China,841,hermitdave-frequencywords-zh_cn-50k,cc-cedict
zh,生意,sheng1 yi4,life force,842,hermitdave-frequencywords-zh_cn-50k,cc-cedict
zh,上去,shang4 qu4,go up,843,hermitdave-frequencywords-zh_cn-50k,cc-cedict
zh,值得,zhi2 de5,worth the money,844,hermitdave-frequencywords-zh_cn-50k,cc-cedict
zh,搞定,gao3 ding4,fix,845,hermitdave-frequencywords-zh_cn-50k,cc-cedict
zh,寻找,xun2 zhao3,seek; to look for,846,hermitdave-frequencywords-zh_cn-50k,cc-cedict
zh,派对,pai4 dui4,party,847,hermitdave-frequencywords-zh_cn-50k,cc-cedict
zh,许多,xu3 duo1,many,848,hermitdave-frequencywords-zh_cn-50k,cc-cedict
zh,学生,xue2 sheng5,student,849,hermitdave-frequencywords-zh_cn-50k,cc-cedict
zh,下次,xia4 ci4,next time,850,hermitdave-frequencywords-zh_cn-50k,cc-cedict
zh,通知,tong1 zhi1,notify,851,hermitdave-frequencywords-zh_cn-50k,cc-cedict
zh,救命,jiu4 ming4,save sb's life,852,hermitdave-frequencywords-zh_cn-50k,cc-cedict
zh,表现,biao3 xian4,show,853,hermitdave-frequencywords-zh_cn-50k,cc-cedict
zh,利用,li4 yong4,exploit,854,hermitdave-frequencywords-zh_cn-50k,cc-cedict
zh,受伤,shou4 shang1,sustain injuries,855,hermitdave-frequencywords-zh_cn-50k,cc-cedict
zh,后来,hou4 lai2,afterwards; later,856,hermitdave-frequencywords-zh_cn-50k,cc-cedict
zh,早上好,zao3 shang5 hao3,Good morning!,857,hermitdave-frequencywords-zh_cn-50k,cc-cedict
zh,精神,jing1 shen2,spirit,858,hermitdave-frequencywords-zh_cn-50k,cc-cedict
zh,居然,ju1 ran2,unexpectedly,859,hermitdave-frequencywords-zh_cn-50k,cc-cedict
zh,受到,shou4 dao4,receive; to be ...ed,860,hermitdave-frequencywords-zh_cn-50k,cc-cedict
zh,大学,Da4 xue2,"the Great Learning, one of the Four Books 四書|四书[Si4 shu1] in Confucianism",861,hermitdave-frequencywords-zh_cn-50k,cc-cedict
zh,那时,na4 shi2,then,862,hermitdave-frequencywords-zh_cn-50k,cc-cedict
zh,既然,ji4 ran2,since; as; this being the case,863,hermitdave-frequencywords-zh_cn-50k,cc-cedict
zh,几天,ji3 tian1,several days,864,hermitdave-frequencywords-zh_cn-50k,cc-cedict
zh,有时,you3 shi2,sometimes,865,hermitdave-frequencywords-zh_cn-50k,cc-cedict
zh,米,Mi3,surname Mi,866,hermitdave-frequencywords-zh_cn-50k,cc-cedict
zh,总,zong3,general; overall,867,hermitdave-frequencywords-zh_cn-50k,cc-cedict
zh,真相,zhen1 xiang4,the truth about sth; the actual facts,868,hermitdave-frequencywords-zh_cn-50k,cc-cedict
zh,恨,hen4,hate,869,hermitdave-frequencywords-zh_cn-50k,cc-cedict
zh,卡,ka3,stop,870,hermitdave-frequencywords-zh_cn-50k,cc-cedict
zh,不知,bu4 zhi1,not to know,871,hermitdave-frequencywords-zh_cn-50k,cc-cedict
zh,远,yuan3,far,872,hermitdave-frequencywords-zh_cn-50k,cc-cedict
zh,警官,jing3 guan1,constable; police officer,873,hermitdave-frequencywords-zh_cn-50k,cc-cedict
zh,属于,shu3 yu2,belong to; to fall under,874,hermitdave-frequencywords-zh_cn-50k,cc-cedict
zh,什,shen2,what,875,hermitdave-frequencywords-zh_cn-50k,cc-cedict
zh,可不是,ke3 bu5 shi4,exactly!; indeed; that's for sure,876,hermitdave-frequencywords-zh_cn-50k,cc-cedict
zh,怪,guai4,bewildering,877,hermitdave-frequencywords-zh_cn-50k,cc-cedict
zh,怀疑,huai2 yi2,doubt; to be skeptical of,878,hermitdave-frequencywords-zh_cn-50k,cc-cedict
zh,笨蛋,ben4 dan4,fool; idiot,879,hermitdave-frequencywords-zh_cn-50k,cc-cedict
zh,战斗,zhan4 dou4,fight,880,hermitdave-frequencywords-zh_cn-50k,cc-cedict
zh,承认,cheng2 ren4,admit,881,hermitdave-frequencywords-zh_cn-50k,cc-cedict
zh,法律,fa3 lu:4,law,882,hermitdave-frequencywords-zh_cn-50k,cc-cedict
zh,别说,bie2 shuo1,say nothing of; not to mention; let alone,883,hermitdave-frequencywords-zh_cn-50k,cc-cedict
zh,简体,jian3 ti3,"simplified form of Chinese characters, as opposed to traditional form 繁體|繁体[fan2 ti3]",884,hermitdave-frequencywords-zh_cn-50k,cc-cedict
zh,记录,ji4 lu4,record,885,hermitdave-frequencywords-zh_cn-50k,cc-cedict
zh,见面,jian4 mian4,meet; to see each other,886,hermitdave-frequencywords-zh_cn-50k,cc-cedict
zh,能力,neng2 li4,capability,887,hermitdave-frequencywords-zh_cn-50k,cc-cedict
zh,足够,zu2 gou4,enough; sufficient,888,hermitdave-frequencywords-zh_cn-50k,cc-cedict
zh,瞧,qiao2,look at,889,hermitdave-frequencywords-zh_cn-50k,cc-cedict
zh,同样,tong2 yang4,same; equal; similar,890,hermitdave-frequencywords-zh_cn-50k,cc-cedict
zh,白痴,bai2 chi1,idiocy,891,hermitdave-frequencywords-zh_cn-50k,cc-cedict
zh,拒绝,ju4 jue2,refuse; to decline; to reject,892,hermitdave-frequencywords-zh_cn-50k,cc-cedict
zh,影响,ying3 xiang3,influence,893,hermitdave-frequencywords-zh_cn-50k,cc-cedict
zh,画,hua4,draw; to paint,894,hermitdave-frequencywords-zh_cn-50k,cc-cedict
zh,其,qi2,his,895,hermitdave-frequencywords-zh_cn-50k,cc-cedict
zh,德,De2,Germany,896,hermitdave-frequencywords-zh_cn-50k,cc-cedict
zh,交易,jiao1 yi4,deal; to trade; to transact,897,hermitdave-frequencywords-zh_cn-50k,cc-cedict
zh,管,guan3,variant of 管[guan3],898,hermitdave-frequencywords-zh_cn-50k,cc-cedict
zh,开门,kai1 men2,to open a door,899,hermitdave-frequencywords-zh_cn-50k,cc-cedict
zh,意味着,yi4 wei4 zhe5,signify,900,hermitdave-frequencywords-zh_cn-50k,cc-cedict
zh,或是,huo4 shi4,or,901,hermitdave-frequencywords-zh_cn-50k,cc-cedict
zh,美,Mei3,the Americas,902,hermitdave-frequencywords-zh_cn-50k,cc-cedict
zh,教授,jiao4 shou4,professor,903,hermitdave-frequencywords-zh_cn-50k,cc-cedict
zh,享受,xiang3 shou4,enjoy,904,hermitdave-frequencywords-zh_cn-50k,cc-cedict
zh,喝酒,he1 jiu3,drink,905,hermitdave-frequencywords-zh_cn-50k,cc-cedict
zh,好多,hao3 duo1,many,906,hermitdave-frequencywords-zh_cn-50k,cc-cedict
zh,接下来,jie1 xia4 lai2,accept,907,hermitdave-frequencywords-zh_cn-50k,cc-cedict
zh,腿,tui3,leg,908,hermitdave-frequencywords-zh_cn-50k,cc-cedict
zh,走开,zou3 kai1,leave; to walk away; to beat it,909,hermitdave-frequencywords-zh_cn-50k,cc-cedict
zh,合作,he2 zuo4,cooperate; to collaborate; to work together,910,hermitdave-frequencywords-zh_cn-50k,cc-cedict
zh,女朋友,nu:3 peng2 you5,girlfriend,911,hermitdave-frequencywords-zh_cn-50k,cc-cedict
zh,好吃,hao3 chi1,tasty; delicious,912,hermitdave-frequencywords-zh_cn-50k,cc-cedict
zh,事件,shi4 jian4,incident; event,913,hermitdave-frequencywords-zh_cn-50k,cc-cedict
zh,出发,chu1 fa1,set off,914,hermitdave-frequencywords-zh_cn-50k,cc-cedict
zh,酒吧,jiu3 ba1,bar,915,hermitdave-frequencywords-zh_cn-50k,cc-cedict
zh,多么,duo1 me5,how,916,hermitdave-frequencywords-zh_cn-50k,cc-cedict
zh,不如,bu4 ru2,not equal to; not as good as; inferior to,917,hermitdave-frequencywords-zh_cn-50k,cc-cedict
zh,指,zhi3,finger,918,hermitdave-frequencywords-zh_cn-50k,cc-cedict
zh,客人,ke4 ren2,visitor,919,hermitdave-frequencywords-zh_cn-50k,cc-cedict
zh,换,huan4,exchange,920,hermitdave-frequencywords-zh_cn-50k,cc-cedict
zh,梦想,meng4 xiang3,to dream of,921,hermitdave-frequencywords-zh_cn-50k,cc-cedict
zh,英雄,ying1 xiong2,hero,922,hermitdave-frequencywords-zh_cn-50k,cc-cedict
zh,傻,sha3,foolish,923,hermitdave-frequencywords-zh_cn-50k,cc-cedict
zh,血,xie3,see 血[xue4],924,hermitdave-frequencywords-zh_cn-50k,cc-cedict
zh,扔,reng1,throw,925,hermitdave-frequencywords-zh_cn-50k,cc-cedict
zh,藏,Zang4,Tibet,926,hermitdave-frequencywords-zh_cn-50k,cc-cedict
zh,杀人,sha1 ren2,homicide,927,hermitdave-frequencywords-zh_cn-50k,cc-cedict
zh,一会儿,yi1 hui4 r5,a moment,928,hermitdave-frequencywords-zh_cn-50k,cc-cedict
zh,变,bian4,change,929,hermitdave-frequencywords-zh_cn-50k,cc-cedict
zh,约,yao1,weigh in a balance or on a scale,930,hermitdave-frequencywords-zh_cn-50k,cc-cedict
zh,行为,xing2 wei2,action; conduct; behavior; activity,931,hermitdave-frequencywords-zh_cn-50k,cc-cedict
zh,头发,tou2 fa5,hair,932,hermitdave-frequencywords-zh_cn-50k,cc-cedict
zh,适合,shi4 he2,fit; to suit,933,hermitdave-frequencywords-zh_cn-50k,cc-cedict
zh,恭喜,gong1 xi3,congratulate,934,hermitdave-frequencywords-zh_cn-50k,cc-cedict
zh,上次,shang4 ci4,last time,935,hermitdave-frequencywords-zh_cn-50k,cc-cedict
zh,地狱,di4 yu4,hell; underworld; Naraka,936,hermitdave-frequencywords-zh_cn-50k,cc-cedict
zh,不在乎,bu4 zai4 hu5,not to care,937,hermitdave-frequencywords-zh_cn-50k,cc-cedict
zh,生,sheng1,grow; to give birth; to produce; to be born,938,hermitdave-frequencywords-zh_cn-50k,cc-cedict
zh,哪个,na3 ge5,which,939,hermitdave-frequencywords-zh_cn-50k,cc-cedict
zh,实在,shi2 zai4,really,940,hermitdave-frequencywords-zh_cn-50k,cc-cedict
zh,路上,lu4 shang5,on the road,941,hermitdave-frequencywords-zh_cn-50k,cc-cedict
zh,接近,jie1 jin4,approach; to get close to,942,hermitdave-frequencywords-zh_cn-50k,cc-cedict
zh,不准,bu4 zhun3,not to allow,943,hermitdave-frequencywords-zh_cn-50k,cc-cedict
zh,银行,yin2 hang2,bank,944,hermitdave-frequencywords-zh_cn-50k,cc-cedict
zh,碰,peng4,variant of 碰[peng4],945,hermitdave-frequencywords-zh_cn-50k,cc-cedict
zh,介绍,jie4 shao4,introduce,946,hermitdave-frequencywords-zh_cn-50k,cc-cedict
zh,一旦,yi1 dan4,in case,947,hermitdave-frequencywords-zh_cn-50k,cc-cedict
zh,味道,wei4 dao5,flavor; taste,948,hermitdave-frequencywords-zh_cn-50k,cc-cedict
zh,实际上,shi2 ji4 shang4,in fact,949,hermitdave-frequencywords-zh_cn-50k,cc-cedict
zh,感受,gan3 shou4,sense,950,hermitdave-frequencywords-zh_cn-50k,cc-cedict
zh,身份,shen1 fen4,identity; aspect of one's identity; role; capacity; status; position; rank,951,hermitdave-frequencywords-zh_cn-50k,cc-cedict
zh,意外,yi4 wai4,unexpected,952,hermitdave-frequencywords-zh_cn-50k,cc-cedict
zh,一般,yi1 ban1,same,953,hermitdave-frequencywords-zh_cn-50k,cc-cedict
zh,吓,he4,scare,954,hermitdave-frequencywords-zh_cn-50k,cc-cedict
zh,停下,ting2 xia4,stop,955,hermitdave-frequencywords-zh_cn-50k,cc-cedict
zh,意义,yi4 yi4,sense,956,hermitdave-frequencywords-zh_cn-50k,cc-cedict
zh,拜,bai4,bow to; to pay one's respects,957,hermitdave-frequencywords-zh_cn-50k,cc-cedict
zh,婊子,biao3 zi5,prostitute,958,hermitdave-frequencywords-zh_cn-50k,cc-cedict
zh,梦,meng4,dream,959,hermitdave-frequencywords-zh_cn-50k,cc-cedict
zh,学习,xue2 xi2,learn,960,hermitdave-frequencywords-zh_cn-50k,cc-cedict
zh,同时,tong2 shi2,at the same time; simultaneously,961,hermitdave-frequencywords-zh_cn-50k,cc-cedict
zh,呼吸,hu1 xi1,breathe,962,hermitdave-frequencywords-zh_cn-50k,cc-cedict
zh,经历,jing1 li4,experience; to go through,963,hermitdave-frequencywords-zh_cn-50k,cc-cedict
zh,凶手,xiong1 shou3,murderer,964,hermitdave-frequencywords-zh_cn-50k,cc-cedict
zh,目前,mu4 qian2,at the present time,965,hermitdave-frequencywords-zh_cn-50k,cc-cedict
zh,威胁,wei1 xie2,threaten; to menace,966,hermitdave-frequencywords-zh_cn-50k,cc-cedict
zh,没法,mei2 fa3,at a loss,967,hermitdave-frequencywords-zh_cn-50k,cc-cedict
zh,有时候,you3 shi2 hou5,sometimes,968,hermitdave-frequencywords-zh_cn-50k,cc-cedict
zh,英国,Ying1 guo2,United Kingdom; Britain,969,hermitdave-frequencywords-zh_cn-50k,cc-cedict
zh,男,nan2,male,970,hermitdave-frequencywords-zh_cn-50k,cc-cedict
zh,什么样,shen2 me5 yang4,what kind?; what sort?,971,hermitdave-frequencywords-zh_cn-50k,cc-cedict
zh,老大,lao3 da4,old age,972,hermitdave-frequencywords-zh_cn-50k,cc-cedict
zh,受,shou4,receive,973,hermitdave-frequencywords-zh_cn-50k,cc-cedict
zh,愚蠢,yu2 chun3,silly,974,hermitdave-frequencywords-zh_cn-50k,cc-cedict
zh,算了,suan4 le5,let it be,975,hermitdave-frequencywords-zh_cn-50k,cc-cedict
zh,真实,zhen1 shi2,true; real,976,hermitdave-frequencywords-zh_cn-50k,cc-cedict
zh,婚礼,hun1 li3,wedding ceremony,977,hermitdave-frequencywords-zh_cn-50k,cc-cedict
zh,在家,zai4 jia1,be at home,978,hermitdave-frequencywords-zh_cn-50k,cc-cedict
zh,允许,yun3 xu3,permit,979,hermitdave-frequencywords-zh_cn-50k,cc-cedict
zh,军队,jun1 dui4,armed forces; troops,980,hermitdave-frequencywords-zh_cn-50k,cc-cedict
zh,电视,dian4 shi4,television; TV,981,hermitdave-frequencywords-zh_cn-50k,cc-cedict
zh,一家,yi1 jia1,the whole family,982,hermitdave-frequencywords-zh_cn-50k,cc-cedict
zh,灵魂,ling2 hun2,soul,983,hermitdave-frequencywords-zh_cn-50k,cc-cedict
zh,谢,Xie4,surname Xie,984,hermitdave-frequencywords-zh_cn-50k,cc-cedict
zh,如,ru2,as,985,hermitdave-frequencywords-zh_cn-50k,cc-cedict
zh,道,dao4,road; path,986,hermitdave-frequencywords-zh_cn-50k,cc-cedict
zh,究竟,jiu1 jing4,go to the bottom of a matter,987,hermitdave-frequencywords-zh_cn-50k,cc-cedict
zh,戴,Dai4,surname Dai,988,hermitdave-frequencywords-zh_cn-50k,cc-cedict
zh,无论,wu2 lun4,no matter what or how,989,hermitdave-frequencywords-zh_cn-50k,cc-cedict
zh,谋杀,mou2 sha1,murder,990,hermitdave-frequencywords-zh_cn-50k,cc-cedict
zh,立刻,li4 ke4,immediately; at once; right away,991,hermitdave-frequencywords-zh_cn-50k,cc-cedict
zh,特,te4,special,992,hermitdave-frequencywords-zh_cn-50k,cc-cedict
zh,躺,tang3,recline,993,hermitdave-frequencywords-zh_cn-50k,cc-cedict
zh,试图,shi4 tu2,attempt,994,hermitdave-frequencywords-zh_cn-50k,cc-cedict
zh,客气,ke4 qi5,polite,995,hermitdave-frequencywords-zh_cn-50k,cc-cedict
zh,文件,wen2 jian4,document,996,hermitdave-frequencywords-zh_cn-50k,cc-cedict
zh,敢,gan3,dare,997,hermitdave-frequencywords-zh_cn-50k,cc-cedict
zh,慢慢,man4 man4,slowly; gradually,998,hermitdave-frequencywords-zh_cn-50k,cc-cedict
zh,前面,qian2 mian4,ahead,999,hermitdave-frequencywords-zh_cn-50k,cc-cedict
zh,奶奶,nai3 nai5,grandma,1000,hermitdave-frequencywords-zh_cn-50k,cc-cedict